Temperature (K),Applied field (T),Applied field angle (°),𝘯-value
19.99,0,0,27.71
19.99,0,5,27.72
19.99,0,10,27.85
19.99,0,15,27.88
19.99,0,20,27.75
19.99,0,25,27.91
19.99,0,30,27.86
19.99,0,35,27.86
19.99,0,40,27.66
19.98,0,45,27.81
19.98,0,50,27.75
19.98,0,55,27.6
19.99,0,60,27.71
19.98,0,65,27.81
19.99,0,70,27.91
19.98,0,75,27.76
19.98,0,78,27.81
19.99,0,81,27.76
19.98,0,84,28.05
19.98,0,86,27.72
19.98,0,88,27.97
19.98,0,90,27.75
19.99,0,92,28.1
19.99,0,94,27.91
19.98,0,96,27.69
19.98,0,99,27.9
19.98,0,102,27.74
19.99,0,105,27.81
19.98,0,110,27.72
19.98,0,115,27.86
19.99,0,120,27.98
19.98,0,125,27.82
19.98,0,130,27.82
19.99,0,135,27.69
19.99,0,140,27.93
19.98,0,145,27.86
19.99,0,150,27.93
19.99,0,155,27.84
19.99,0,160,27.81
19.98,0,165,28.03
19.98,0,170,27.89
19.99,0,175,28.12
19.99,0,180,27.94
19.98,0,185,27.97
19.98,0,190,27.66
19.99,0,195,27.55
19.99,0,200,27.74
19.99,0,205,27.91
19.98,0,210,27.75
19.99,0,215,27.92
19.99,0,220,27.87
19.99,0,225,27.78
19.98,0,230,27.84
19.99,0,235,27.72
19.99,0,240,28.04
19.99,0.01,0,27.83
19.99,0.01,5,27.54
19.99,0.01,10,27.83
19.99,0.01,15,27.77
19.99,0.01,20,27.78
19.99,0.01,25,27.77
19.99,0.01,30,27.8
19.99,0.01,35,27.64
19.99,0.01,40,27.81
19.98,0.01,45,27.67
19.99,0.01,50,27.86
19.98,0.01,55,27.98
19.98,0.01,60,27.78
19.98,0.01,65,27.75
19.99,0.01,70,27.89
19.98,0.01,75,27.77
19.98,0.01,78,27.84
19.99,0.01,81,27.65
19.98,0.01,84,27.51
19.98,0.01,86,27.87
19.99,0.01,88,27.62
19.98,0.01,90,27.9
19.98,0.01,92,27.63
19.98,0.01,94,27.86
19.98,0.01,96,27.84
19.99,0.01,99,27.75
19.98,0.01,102,27.93
19.98,0.01,105,27.99
19.99,0.01,110,27.75
19.98,0.01,115,27.8
19.98,0.01,120,27.84
19.99,0.01,125,27.99
19.99,0.01,130,27.77
19.99,0.01,135,27.85
19.98,0.01,140,27.91
19.99,0.01,145,27.56
19.98,0.01,150,27.61
19.98,0.01,155,27.8
19.99,0.01,160,28.02
19.99,0.01,165,27.99
19.99,0.01,170,27.88
19.98,0.01,175,27.78
19.99,0.01,180,27.69
19.99,0.01,185,27.84
19.99,0.01,190,27.74
19.98,0.01,195,27.78
19.99,0.01,200,27.95
19.99,0.01,205,27.74
19.99,0.01,210,27.87
19.99,0.01,215,27.7
19.98,0.01,220,27.71
19.99,0.01,225,27.93
19.99,0.01,230,27.88
19.99,0.01,235,27.77
19.99,0.01,240,27.59
19.98,0.015,0,27.92
19.99,0.015,5,27.85
19.99,0.015,10,27.72
19.99,0.015,15,27.64
19.99,0.015,20,28.08
19.99,0.015,25,27.91
19.99,0.015,30,27.55
19.99,0.015,35,27.78
19.99,0.015,40,27.79
19.98,0.015,45,27.74
19.99,0.015,50,27.78
19.98,0.015,55,27.66
19.99,0.015,60,27.89
19.99,0.015,65,27.82
19.98,0.015,70,27.92
19.98,0.015,75,27.78
19.99,0.015,78,27.82
19.99,0.015,81,27.86
19.99,0.015,84,27.96
19.98,0.015,86,27.66
19.98,0.015,88,27.67
19.98,0.015,90,27.76
19.99,0.015,92,27.86
19.98,0.015,94,27.58
19.98,0.015,96,27.58
19.99,0.015,99,27.93
19.98,0.015,102,27.77
19.98,0.015,105,27.82
19.98,0.015,110,27.59
19.99,0.015,115,27.69
19.98,0.015,120,27.86
19.98,0.015,125,27.83
19.99,0.015,130,27.85
19.99,0.015,135,27.91
19.99,0.015,140,27.84
19.98,0.015,145,27.85
19.98,0.015,150,27.77
19.98,0.015,155,27.83
19.99,0.015,160,28.06
19.99,0.015,165,27.63
19.98,0.015,170,27.74
19.98,0.015,175,27.89
19.98,0.015,180,28.03
19.99,0.015,185,27.82
19.99,0.015,190,27.86
19.98,0.015,195,27.57
19.98,0.015,200,27.38
19.99,0.015,205,27.67
19.99,0.015,210,27.79
19.98,0.015,215,27.84
19.99,0.015,220,27.67
19.99,0.015,225,27.88
19.99,0.015,230,27.73
19.99,0.015,235,27.71
19.99,0.015,240,27.67
19.99,0.02,0,27.8
19.99,0.02,5,27.75
19.99,0.02,10,27.56
19.99,0.02,15,27.76
19.99,0.02,20,27.88
19.99,0.02,25,27.81
19.99,0.02,30,27.68
19.99,0.02,35,27.75
19.99,0.02,40,27.73
19.98,0.02,45,27.72
19.98,0.02,50,27.58
19.98,0.02,55,27.86
19.99,0.02,60,28
19.99,0.02,65,27.75
19.98,0.02,70,28.01
19.98,0.02,75,27.68
19.99,0.02,78,27.78
19.98,0.02,81,27.81
19.98,0.02,84,27.62
19.98,0.02,86,27.92
19.99,0.02,88,27.71
19.98,0.02,90,28.02
19.98,0.02,92,27.79
19.98,0.02,94,27.93
19.98,0.02,96,27.84
19.98,0.02,99,27.91
19.99,0.02,102,27.6
19.98,0.02,105,27.69
19.99,0.02,110,27.91
19.99,0.02,115,27.93
19.98,0.02,120,27.89
19.98,0.02,125,27.75
19.99,0.02,130,28
19.99,0.02,135,27.96
19.98,0.02,140,27.7
19.98,0.02,145,27.74
19.99,0.02,150,27.83
19.99,0.02,155,27.79
19.98,0.02,160,27.89
19.98,0.02,165,27.82
19.98,0.02,170,27.71
19.98,0.02,175,27.7
19.99,0.02,180,27.94
19.98,0.02,185,27.49
19.98,0.02,190,27.53
19.98,0.02,195,27.73
19.99,0.02,200,27.72
19.99,0.02,205,27.67
19.98,0.02,210,27.56
19.98,0.02,215,27.81
19.99,0.02,220,27.84
19.99,0.02,225,27.77
19.99,0.02,230,27.93
19.99,0.02,235,27.71
19.98,0.02,240,27.62
19.99,0.03,0,27.69
19.99,0.03,5,27.8
19.99,0.03,10,27.82
19.99,0.03,15,27.68
19.99,0.03,20,27.72
19.99,0.03,25,27.81
19.99,0.03,30,27.62
19.99,0.03,35,27.91
19.99,0.03,40,27.76
19.98,0.03,45,27.8
19.99,0.03,50,27.67
19.99,0.03,55,27.86
19.98,0.03,60,27.78
19.98,0.03,65,27.68
19.99,0.03,70,27.91
19.99,0.03,75,27.72
19.98,0.03,78,27.72
19.98,0.03,81,27.68
19.98,0.03,84,27.83
19.99,0.03,86,27.76
19.99,0.03,88,27.71
19.98,0.03,90,27.73
19.98,0.03,92,27.79
19.99,0.03,94,27.92
19.98,0.03,96,27.78
19.98,0.03,99,27.59
19.98,0.03,102,27.84
19.99,0.03,105,27.87
19.98,0.03,110,27.77
19.98,0.03,115,27.77
19.98,0.03,120,27.69
19.99,0.03,125,27.9
19.99,0.03,130,27.9
19.98,0.03,135,27.61
19.98,0.03,140,27.6
19.99,0.03,145,27.82
19.99,0.03,150,27.67
19.99,0.03,155,27.9
19.99,0.03,160,27.66
19.99,0.03,165,27.7
19.99,0.03,170,27.64
19.99,0.03,175,27.58
19.99,0.03,180,27.68
19.99,0.03,185,27.79
19.99,0.03,190,27.76
19.99,0.03,195,27.51
19.99,0.03,200,27.56
19.99,0.03,205,28.12
19.99,0.03,210,27.65
19.98,0.03,215,27.63
19.99,0.03,220,27.64
19.99,0.03,225,27.84
19.99,0.03,230,27.78
19.99,0.03,235,27.87
19.99,0.03,240,27.76
19.99,0.05,0,27.81
19.99,0.05,5,27.78
19.99,0.05,10,27.55
19.99,0.05,15,27.95
19.99,0.05,20,27.8
19.99,0.05,25,27.62
19.99,0.05,30,27.79
19.99,0.05,35,27.75
19.99,0.05,40,27.53
19.98,0.05,45,27.56
19.98,0.05,50,27.82
19.99,0.05,55,27.65
19.99,0.05,60,27.76
19.98,0.05,65,27.75
19.98,0.05,70,27.54
19.98,0.05,75,27.79
19.99,0.05,78,27.86
19.98,0.05,81,27.74
19.98,0.05,84,27.83
19.98,0.05,86,27.85
19.98,0.05,88,27.78
19.98,0.05,90,27.94
19.99,0.05,92,27.93
19.98,0.05,94,27.59
19.98,0.05,96,27.8
19.98,0.05,99,27.9
19.98,0.05,102,27.84
19.98,0.05,105,27.83
19.99,0.05,110,27.94
19.99,0.05,115,28.03
19.98,0.05,120,27.73
19.98,0.05,125,27.81
19.98,0.05,130,27.56
19.99,0.05,135,27.51
19.99,0.05,140,27.68
19.99,0.05,145,27.93
19.99,0.05,150,27.71
19.98,0.05,155,27.47
19.98,0.05,160,27.57
19.98,0.05,165,27.41
19.99,0.05,170,27.63
19.98,0.05,175,27.74
19.98,0.05,180,27.36
19.99,0.05,185,27.74
19.99,0.05,190,27.62
19.99,0.05,195,27.39
19.98,0.05,200,27.31
19.99,0.05,205,27.4
19.99,0.05,210,27.55
19.99,0.05,215,27.77
19.99,0.05,220,27.58
19.99,0.05,225,27.88
19.99,0.05,230,27.78
19.99,0.05,235,27.82
19.99,0.05,240,27.57
19.99,0.07,0,27.37
19.99,0.07,5,27.38
19.99,0.07,10,27.53
19.99,0.07,15,27.7
19.99,0.07,20,27.4
19.99,0.07,25,27.41
19.99,0.07,30,27.56
19.99,0.07,35,27.52
19.99,0.07,40,27.67
19.98,0.07,45,27.66
19.98,0.07,50,27.67
19.98,0.07,55,27.9
19.98,0.07,60,27.72
19.98,0.07,65,27.78
19.99,0.07,70,27.87
19.99,0.07,75,27.79
19.99,0.07,78,27.8
19.98,0.07,81,27.82
19.98,0.07,84,27.86
19.99,0.07,86,27.8
19.98,0.07,88,27.66
19.98,0.07,90,27.87
19.98,0.07,92,27.61
19.99,0.07,94,27.84
19.98,0.07,96,27.6
19.98,0.07,99,27.71
19.98,0.07,102,27.82
19.99,0.07,105,27.88
19.99,0.07,110,27.7
19.99,0.07,115,27.54
19.98,0.07,120,27.49
19.98,0.07,125,27.66
19.98,0.07,130,27.54
19.98,0.07,135,27.47
19.99,0.07,140,27.51
19.99,0.07,145,27.63
19.99,0.07,150,27.55
19.98,0.07,155,27.54
19.99,0.07,160,27.25
19.99,0.07,165,27.34
19.98,0.07,170,27.28
19.98,0.07,175,27.36
19.98,0.07,180,27.26
19.99,0.07,185,27.39
19.99,0.07,190,27.26
19.99,0.07,195,27.3
19.99,0.07,200,27.42
19.98,0.07,205,27.42
19.98,0.07,210,27.56
19.99,0.07,215,27.24
19.99,0.07,220,27.42
19.99,0.07,225,27.71
19.99,0.07,230,27.62
19.99,0.07,235,27.36
19.99,0.07,240,27.66
19.99,0.1,0,26.97
19.99,0.1,5,27.3
19.99,0.1,10,27.74
19.99,0.1,15,27.11
19.99,0.1,20,27.48
19.99,0.1,25,27.23
19.99,0.1,30,27.29
19.99,0.1,35,27.41
19.98,0.1,40,27.38
19.98,0.1,45,27.5
19.98,0.1,50,27.71
19.99,0.1,55,27.71
19.98,0.1,60,27.5
19.99,0.1,65,27.82
19.98,0.1,70,27.59
19.98,0.1,75,27.47
19.98,0.1,78,27.79
19.98,0.1,81,27.69
19.98,0.1,84,27.76
19.98,0.1,86,27.78
19.99,0.1,88,27.88
19.98,0.1,90,27.84
19.98,0.1,92,27.61
19.99,0.1,94,27.66
19.98,0.1,96,27.5
19.99,0.1,99,27.7
19.99,0.1,102,27.94
19.99,0.1,105,27.49
19.99,0.1,110,27.49
19.98,0.1,115,27.21
19.98,0.1,120,27.3
19.99,0.1,125,27.31
19.99,0.1,130,27.3
19.99,0.1,135,27.28
19.98,0.1,140,27.26
19.98,0.1,145,26.93
19.98,0.1,150,26.92
19.99,0.1,155,26.81
19.99,0.1,160,26.83
19.99,0.1,165,26.99
19.99,0.1,170,26.98
19.98,0.1,175,26.95
19.99,0.1,180,27.05
19.99,0.1,185,26.92
19.99,0.1,190,27.04
19.99,0.1,195,27.14
19.99,0.1,200,27.13
19.99,0.1,205,26.97
19.99,0.1,210,27.16
19.99,0.1,215,27.25
19.99,0.1,220,27.15
19.99,0.1,225,27.52
19.99,0.1,230,27.32
19.98,0.1,235,27.28
19.99,0.1,240,27.56
19.99,0.15,0,26.58
19.99,0.15,5,26.47
19.99,0.15,10,26.59
19.99,0.15,15,26.74
19.99,0.15,20,26.65
19.99,0.15,25,26.55
19.99,0.15,30,26.71
19.99,0.15,35,26.71
19.99,0.15,40,27.07
19.98,0.15,45,27.12
19.98,0.15,50,27.09
19.98,0.15,55,27.27
19.98,0.15,60,27.42
19.98,0.15,65,27.41
19.99,0.15,70,27.38
19.99,0.15,75,27.56
19.98,0.15,78,27.63
19.98,0.15,81,27.43
19.98,0.15,84,27.53
19.99,0.15,86,27.37
19.99,0.15,88,27.78
19.99,0.15,90,27.54
19.98,0.15,92,27.73
19.98,0.15,94,27.42
19.99,0.15,96,27.41
19.98,0.15,99,27.66
19.98,0.15,102,27.51
19.98,0.15,105,27.49
19.98,0.15,110,27.45
19.99,0.15,115,27.12
19.99,0.15,120,27.22
19.99,0.15,125,26.83
19.98,0.15,130,26.76
19.99,0.15,135,26.44
19.98,0.15,140,26.47
19.99,0.15,145,26.33
19.99,0.15,150,26.11
19.99,0.15,155,26.56
19.99,0.15,160,26.07
19.99,0.15,165,26.29
19.99,0.15,170,26.42
19.99,0.15,175,26.18
19.99,0.15,180,26.18
19.99,0.15,185,26
19.99,0.15,190,26.39
19.99,0.15,195,26.17
19.99,0.15,200,26.22
19.99,0.15,205,26.6
19.99,0.15,210,26.59
19.99,0.15,215,26.81
19.99,0.15,220,26.66
19.99,0.15,225,26.93
19.99,0.15,230,27.04
19.99,0.15,235,27.02
19.99,0.15,240,27.38
19.99,0.2,0,25.89
19.99,0.2,5,25.81
19.99,0.2,10,25.45
20,0.2,15,25.69
19.99,0.2,20,25.74
19.99,0.2,25,25.93
20,0.2,30,26.15
19.99,0.2,35,26.2
19.99,0.2,40,26.18
19.98,0.2,45,26.73
19.99,0.2,50,26.87
19.99,0.2,55,26.98
19.99,0.2,60,27.08
19.98,0.2,65,27.19
19.98,0.2,70,27.19
19.99,0.2,75,27.38
19.98,0.2,78,27.38
19.99,0.2,81,27.45
19.98,0.2,84,27.64
19.99,0.2,86,27.36
19.98,0.2,88,27.66
19.99,0.2,90,27.38
19.99,0.2,92,27.57
19.99,0.2,94,27.37
19.98,0.2,96,27.56
19.98,0.2,99,27.06
19.98,0.2,102,27.14
19.98,0.2,105,27
19.98,0.2,110,26.92
19.99,0.2,115,26.7
19.99,0.2,120,26.31
19.99,0.2,125,26.42
19.99,0.2,130,25.97
19.98,0.2,135,25.82
19.99,0.2,140,25.72
19.99,0.2,145,25.49
19.99,0.2,150,25.37
19.99,0.2,155,25.29
19.99,0.2,160,25.37
19.99,0.2,165,25.3
19.99,0.2,170,25.2
19.99,0.2,175,25.08
19.99,0.2,180,25.09
19.99,0.2,185,25
19.99,0.2,190,25.24
19.98,0.2,195,25.35
19.99,0.2,200,25.49
19.99,0.2,205,25.61
19.99,0.2,210,25.69
19.99,0.2,215,26.05
19.99,0.2,220,26.34
19.99,0.2,225,26.47
19.99,0.2,230,26.6
19.99,0.2,235,26.86
19.99,0.2,240,26.95
19.99,0.3,0,23.7
19.99,0.3,5,23.89
19.99,0.3,10,24
19.99,0.3,15,24.15
19.99,0.3,20,23.72
19.99,0.3,25,24.26
19.99,0.3,30,24.41
19.99,0.3,35,24.51
20,0.3,40,24.93
19.99,0.3,45,25.38
19.98,0.3,50,25.65
19.98,0.3,55,25.55
19.98,0.3,60,26.12
19.99,0.3,65,26.24
19.99,0.3,70,26.96
19.98,0.3,75,26.79
19.98,0.3,78,26.95
19.98,0.3,81,26.95
19.99,0.3,84,27.15
19.98,0.3,86,26.83
19.98,0.3,88,27.08
19.99,0.3,90,27.16
19.98,0.3,92,26.88
19.99,0.3,94,26.96
19.98,0.3,96,26.58
19.98,0.3,99,26.54
19.98,0.3,102,26.62
19.99,0.3,105,26.29
19.99,0.3,110,25.81
19.99,0.3,115,25.57
19.99,0.3,120,25.29
19.98,0.3,125,24.63
19.99,0.3,130,24.53
19.98,0.3,135,24.17
19.99,0.3,140,23.94
19.98,0.3,145,23.67
19.99,0.3,150,23.47
19.99,0.3,155,23.53
19.99,0.3,160,23.42
19.99,0.3,165,23
19.99,0.3,170,23.2
19.98,0.3,175,23.49
20,0.3,180,23.26
19.99,0.3,185,23.52
19.99,0.3,190,23.72
19.99,0.3,195,23.51
19.99,0.3,200,23.98
19.99,0.3,205,23.84
19.99,0.3,210,24.01
19.99,0.3,215,24.17
19.99,0.3,220,24.52
19.99,0.3,225,24.89
19.99,0.3,230,24.85
19.98,0.3,235,25.58
19.99,0.3,240,25.73
19.99,0.5,0,21.92
19.99,0.5,5,21.7
19.99,0.5,10,21.87
19.99,0.5,15,22.09
19.99,0.5,20,22.31
19.99,0.5,25,22.15
20,0.5,30,21.99
19.99,0.5,35,22.22
19.99,0.5,40,22.33
19.99,0.5,45,22.46
19.98,0.5,50,23.06
19.99,0.5,55,23.36
19.99,0.5,60,23.72
19.98,0.5,65,24.5
19.98,0.5,70,24.96
19.98,0.5,75,25.38
19.98,0.5,78,26.01
19.99,0.5,81,26.04
19.98,0.5,84,26.16
19.99,0.5,86,26.04
19.99,0.5,88,26.35
19.98,0.5,90,25.98
19.98,0.5,92,25.91
19.99,0.5,94,26.17
19.98,0.5,96,25.77
19.98,0.5,99,25.55
19.99,0.5,102,25.1
19.98,0.5,105,24.4
19.99,0.5,110,23.7
19.98,0.5,115,23.02
19.99,0.5,120,22.37
19.99,0.5,125,21.98
20,0.5,130,21.68
19.99,0.5,135,21.83
19.99,0.5,140,21.49
19.99,0.5,145,21.62
19.99,0.5,150,21.55
19.99,0.5,155,21.57
20,0.5,160,21.6
19.99,0.5,165,21.86
19.99,0.5,170,21.97
19.99,0.5,175,21.88
19.99,0.5,180,21.69
19.99,0.5,185,21.94
19.99,0.5,190,21.85
19.99,0.5,195,21.87
19.99,0.5,200,21.84
19.99,0.5,205,22.08
19.99,0.5,210,22.22
19.99,0.5,215,22.17
19.99,0.5,220,21.9
19.99,0.5,225,21.78
19.99,0.5,230,22.59
19.99,0.5,235,22.7
19.99,0.5,240,23
19.99,0.7,0,21.72
19.99,0.7,5,21.86
19.99,0.7,10,21.52
19.99,0.7,15,21.47
19.99,0.7,20,21.81
19.99,0.7,25,21.38
20,0.7,30,21.34
19.99,0.7,35,21.33
20,0.7,40,21.19
19.99,0.7,45,21.17
19.99,0.7,50,20.94
19.99,0.7,55,21.29
19.99,0.7,60,21.55
19.99,0.7,65,22.14
19.99,0.7,70,22.91
19.98,0.7,75,23.81
19.98,0.7,78,24.36
19.99,0.7,81,24.46
19.98,0.7,84,25.19
19.98,0.7,86,25.55
19.98,0.7,88,25.16
19.98,0.7,90,25.19
19.99,0.7,92,24.92
19.99,0.7,94,24.82
19.98,0.7,96,24.78
19.98,0.7,99,23.88
19.98,0.7,102,22.99
19.99,0.7,105,22.73
19.99,0.7,110,21.64
19.99,0.7,115,21.21
19.99,0.7,120,20.45
19.99,0.7,125,20.52
19.99,0.7,130,20.51
19.99,0.7,135,20.51
19.99,0.7,140,20.54
20,0.7,145,20.42
19.99,0.7,150,20.94
20,0.7,155,20.69
19.99,0.7,160,21.17
20.01,0.7,165,21.39
20,0.7,170,21.37
19.99,0.7,175,21.63
20,0.7,180,21.01
19.99,0.7,185,21.7
20,0.7,190,21.7
19.99,0.7,195,21.44
19.99,0.7,200,21.26
19.99,0.7,205,21.51
20,0.7,210,21.15
19.99,0.7,215,20.9
19.99,0.7,220,21.19
19.99,0.7,225,20.96
19.99,0.7,230,20.83
19.99,0.7,235,21.19
19.99,0.7,240,21.53
19.99,1,0,21.78
20,1,5,21.69
19.99,1,10,21.74
19.99,1,15,21.43
19.99,1,20,21.39
19.99,1,25,21
20,1,30,21.1
19.99,1,35,21
19.99,1,40,21.05
20,1,45,20.51
20,1,50,20.09
20,1,55,19.68
19.99,1,60,19.79
19.99,1,65,19.34
19.99,1,70,20.61
19.99,1,75,21.63
19.98,1,78,22.34
19.98,1,81,23.4
19.99,1,84,23.67
19.98,1,86,24.36
19.98,1,88,24.46
19.98,1,90,24.78
19.98,1,92,23.88
19.98,1,94,23.98
19.98,1,96,22.77
19.99,1,99,22.02
19.98,1,102,20.72
19.99,1,105,20.5
19.99,1,110,19.78
19.99,1,115,19.32
19.99,1,120,19.53
20,1,125,19.61
19.99,1,130,19.98
19.99,1,135,20.37
19.99,1,140,20.2
19.99,1,145,20.23
19.99,1,150,20.83
19.99,1,155,20.04
19.99,1,160,20.89
20,1,165,21.11
19.99,1,170,21.22
19.99,1,175,21.8
19.99,1,180,21.95
20,1,185,21.13
19.99,1,190,21.69
19.99,1,195,21.14
19.99,1,200,21.37
19.99,1,205,21.5
20,1,210,21.35
19.99,1,215,20.34
20,1,220,20.46
19.99,1,225,20.42
20,1,230,20.07
20,1,235,19.87
19.99,1,240,20.37
19.99,1.5,0,21.57
19.99,1.5,5,21.68
19.99,1.5,10,21.44
20,1.5,15,20.87
20,1.5,20,21.23
20,1.5,25,21.17
20,1.5,30,20.44
19.99,1.5,35,21.46
19.99,1.5,40,20.48
20,1.5,45,20.06
20,1.5,50,18.95
19.99,1.5,55,17.96
19.99,1.5,60,19.31
19.99,1.5,65,18.27
20,1.5,70,18.52
19.99,1.5,75,18.3
19.99,1.5,78,19.42
19.98,1.5,81,20.93
19.98,1.5,84,22.52
19.99,1.5,86,23.12
19.98,1.5,88,23.84
19.98,1.5,90,23.25
19.98,1.5,92,23.74
19.98,1.5,94,21.68
19.98,1.5,96,21.05
19.98,1.5,99,19.89
19.99,1.5,102,18.95
19.99,1.5,105,18
19.99,1.5,110,18.15
20,1.5,115,18.32
19.99,1.5,120,18.08
19.99,1.5,125,18.59
20,1.5,130,18.94
20,1.5,135,19.34
20,1.5,140,19.21
20,1.5,145,20.32
20,1.5,150,19.62
20,1.5,155,20.44
19.99,1.5,160,20.81
20,1.5,165,20.92
20,1.5,170,21.69
19.99,1.5,175,21.29
20,1.5,180,22.54
19.99,1.5,185,22.49
20,1.5,190,22.41
20,1.5,195,19.95
20,1.5,200,22.51
19.99,1.5,205,21.07
20,1.5,210,21.67
20,1.5,215,19.2
20,1.5,220,20.22
20,1.5,225,19.69
19.99,1.5,230,19.9
20,1.5,235,19.27
19.99,1.5,240,19.2
19.99,2,0,21.32
20,2,5,21.84
19.99,2,10,21.3
19.99,2,15,21.36
20,2,20,20.57
20,2,25,20.77
20,2,30,20.86
20,2,35,19.87
19.99,2,40,20.13
20,2,45,19.44
19.99,2,50,18.78
20,2,55,17.94
20,2,60,18.89
20,2,65,17.81
19.99,2,70,17.37
19.99,2,75,17.45
19.99,2,78,17.66
20,2,81,18.8
19.98,2,84,20.72
19.99,2,86,22.21
19.98,2,88,23.13
19.98,2,90,22.78
19.98,2,92,23.32
19.98,2,94,21.52
19.98,2,96,19.47
19.98,2,99,18.35
19.99,2,102,17.77
19.99,2,105,17.24
19.99,2,110,17.22
20,2,115,17.62
20,2,120,17.66
19.99,2,125,18.28
19.99,2,130,18.81
19.99,2,135,18.94
20,2,140,19.13
20,2,145,19.77
20,2,150,19.74
20,2,155,19.71
20,2,160,20.25
20,2,165,22.39
19.99,2,170,21.18
20,2,175,21.32
19.99,2,180,20.74
20,2,185,21.07
20,2,190,23.84
20,2,195,22.01
20,2,200,21.28
19.99,2,205,21.44
20,2,210,20.45
19.99,2,215,18.7
19.99,2,220,20.12
20,2,225,19.99
20,2,230,19.69
20,2,235,18.52
20,2,240,18.23
19.99,3,0,21.37
20,3,5,21.8
19.99,3,10,21.29
19.99,3,15,22.04
20,3,20,20.24
20,3,25,21.29
20,3,30,19.54
20,3,35,18.82
19.99,3,40,18.66
19.99,3,45,17.83
20,3,50,17.68
19.99,3,55,17.66
20,3,60,17.19
20,3,65,16.34
20,3,70,15.97
20,3,75,16.14
19.99,3,78,16.15
19.99,3,81,16.25
19.99,3,84,18.22
19.99,3,86,20.01
19.99,3,88,22.49
19.99,3,90,23.23
19.99,3,92,21.51
19.99,3,94,19.88
19.99,3,96,17.67
19.99,3,99,16.29
20,3,102,16.56
20,3,105,16.32
20,3,110,15.62
20,3,115,16.37
20,3,120,16.78
20,3,125,17.42
20.01,3,130,17.91
20,3,135,18.06
20,3,140,18.4
19.99,3,145,18.87
20,3,150,19.12
20,3,155,19.76
20,3,160,20.64
20,3,165,20.69
20,3,170,20.74
20,3,175,20.87
20,3,180,22.01
20,3,185,21.62
20,3,190,21.72
19.99,3,195,22.21
20,3,200,21.02
20,3,205,20.61
19.99,3,210,19.41
20,3,215,18.12
20,3,220,19.24
20,3,225,18.98
19.99,3,230,18.78
19.99,3,235,17.38
20,3,240,17.5
19.99,5,0,20.45
19.99,5,5,21.88
20,5,10,21.36
20,5,15,22.17
20,5,20,19.41
20,5,25,20.31
20,5,30,22.03
20,5,35,20.28
20,5,40,17.98
20,5,45,19.23
19.99,5,50,18.18
20,5,55,17.93
20,5,60,17.21
20,5,65,15.38
20,5,70,15.25
20,5,75,14.84
20,5,78,14.22
20,5,81,14.89
19.99,5,84,15.08
20,5,86,16.66
19.98,5,88,20.67
19.99,5,90,22.03
19.99,5,92,20.92
19.99,5,94,16.24
19.99,5,96,14.63
19.99,5,99,15.24
20,5,102,14.44
20,5,105,15.46
20,5,110,14.85
20,5,115,15.71
20,5,120,18.17
20,5,125,16.46
20,5,130,17.2
20,5,135,18.83
19.99,5,140,18.56
20,5,145,19.51
19.99,5,150,20.38
20,5,155,19.63
19.99,5,160,22.38
20,5,165,20.64
20,5,170,20.65
20,5,175,20.3
19.99,5,180,20.52
19.99,5,185,21.53
19.99,5,190,22.6
20,5,195,19.91
20,5,200,20.87
20,5,205,19.84
20,5,210,19.87
20,5,215,18.59
20,5,220,16.74
20,5,225,18.16
20,5,230,16.81
20,5,235,16.4
20,5,240,15.98
20,7,0,22.36
19.99,7,5,22.8
20,7,10,20.08
20,7,15,20.16
20,7,20,20.93
20,7,25,20.35
20,7,30,20.56
20,7,35,19.88
20,7,40,19.84
20,7,45,19.62
19.99,7,50,17.29
19.99,7,55,17.21
20,7,60,15.78
20,7,65,16.2
20,7,70,14.71
19.99,7,75,13.26
19.99,7,78,13.49
20,7,81,13.56
19.99,7,84,13.99
20,7,86,15.14
19.99,7,88,17.07
19.98,7,90,22.4
19.98,7,92,20
20,7,94,16.38
19.99,7,96,13.99
20,7,99,13.62
20,7,102,14.24
20,7,105,13.91
19.99,7,110,13.35
20,7,115,17.01
19.99,7,120,17.93
19.99,7,125,17.64
20,7,130,18.65
20,7,135,19.07
19.99,7,140,19.85
20,7,145,18.92
19.99,7,150,19.23
20,7,155,20.96
19.99,7,160,21.06
20,7,165,21.07
20,7,170,22.53
20,7,175,20.01
19.99,7,180,22.31
20,7,185,19.09
20,7,190,18.02
20,7,195,21.4
20,7,200,21.16
20,7,205,21.06
20,7,210,20
20,7,215,18.46
19.99,7,220,20.05
20,7,225,19.74
19.99,7,230,17.83
20,7,235,18.16
20,7,240,18
19.99,8,0,20.24
19.99,8,5,22.8
20,8,10,22.09
19.99,8,15,20.72
20,8,20,21.77
20,8,25,20.58
20,8,30,19.95
20,8,35,21.74
20,8,40,17.36
20,8,45,19.37
20,8,50,19.57
20,8,55,18.24
20,8,60,16.64
20,8,65,14.91
20,8,70,15
20,8,75,12.62
20,8,78,13.08
19.99,8,81,13.25
20,8,84,13.43
20,8,86,14.26
19.99,8,88,16.07
20.01,8,90,22.72
19.99,8,92,19.49
19.99,8,94,14.27
20,8,96,13.48
20,8,99,13.6
20,8,102,13.64
20,8,105,13.92
20,8,110,14.62
20,8,115,16.85
20,8,120,18.22
19.99,8,125,18.12
20,8,130,18.9
20,8,135,19.47
20,8,140,18.79
20,8,145,19.46
20,8,150,20.69
20,8,155,18.09
20,8,160,21.15
20,8,165,20.73
20,8,170,22.15
20,8,175,20.65
20,8,180,20.82
20,8,185,19.09
20,8,190,21.79
20,8,195,19.85
20,8,200,20.56
20,8,205,21.5
20,8,210,19.81
20,8,215,18.41
19.99,8,220,18.67
20,8,225,18.57
20,8,230,17.96
20,8,235,17.34
20,8,240,17.54