Temperature (K),Applied field (T),Applied field angle (°),Critical current per cm width (A/cm)
19.99,0,0,4940.09
19.99,0,5,4941.69
19.99,0,10,4943.09
19.99,0,15,4943.79
19.99,0,20,4941.8
19.99,0,25,4944.3
19.99,0,30,4943.04
19.99,0,35,4943.68
19.99,0,40,4940.79
19.98,0,45,4941.96
19.98,0,50,4941.92
19.98,0,55,4938.38
19.99,0,60,4940.93
19.98,0,65,4942.02
19.99,0,70,4943.9
19.98,0,75,4942.15
19.98,0,78,4942.58
19.99,0,81,4941.18
19.98,0,84,4945.75
19.98,0,86,4940.88
19.98,0,88,4945.32
19.98,0,90,4941.91
19.99,0,92,4947.35
19.99,0,94,4942.51
19.98,0,96,4940.63
19.98,0,99,4943.78
19.98,0,102,4941.26
19.99,0,105,4942.31
19.98,0,110,4941.65
19.98,0,115,4943.18
19.99,0,120,4945.04
19.98,0,125,4943.45
19.98,0,130,4943.57
19.99,0,135,4941.03
19.99,0,140,4942.9
19.98,0,145,4944.01
19.99,0,150,4945.09
19.99,0,155,4943.15
19.99,0,160,4942.69
19.98,0,165,4946.72
19.98,0,170,4943.93
19.99,0,175,4947.23
19.99,0,180,4943.84
19.98,0,185,4945.58
19.98,0,190,4940.57
19.99,0,195,4939.36
19.99,0,200,4940.89
19.99,0,205,4944.87
19.98,0,210,4942.33
19.99,0,215,4945.91
19.99,0,220,4943.7
19.99,0,225,4941.77
19.98,0,230,4943.44
19.99,0,235,4941.57
19.99,0,240,4945.91
19.99,0.01,0,4942.95
19.99,0.01,5,4938.18
19.99,0.01,10,4942.91
19.99,0.01,15,4941.41
19.99,0.01,20,4942.41
19.99,0.01,25,4942.03
19.99,0.01,30,4941.99
19.99,0.01,35,4939.69
19.99,0.01,40,4942.53
19.98,0.01,45,4940.7
19.99,0.01,50,4943.39
19.98,0.01,55,4945.13
19.98,0.01,60,4941.43
19.98,0.01,65,4941.58
19.99,0.01,70,4943.39
19.98,0.01,75,4941.22
19.98,0.01,78,4942.94
19.99,0.01,81,4939.5
19.98,0.01,84,4937.42
19.98,0.01,86,4942.95
19.99,0.01,88,4939.15
19.98,0.01,90,4942.96
19.98,0.01,92,4940.13
19.98,0.01,94,4943.5
19.98,0.01,96,4942.89
19.99,0.01,99,4940.76
19.98,0.01,102,4944.51
19.98,0.01,105,4945.35
19.99,0.01,110,4939.71
19.98,0.01,115,4942.51
19.98,0.01,120,4942.65
19.99,0.01,125,4944.93
19.99,0.01,130,4939.75
19.99,0.01,135,4941.46
19.98,0.01,140,4943.98
19.99,0.01,145,4936.87
19.98,0.01,150,4938.09
19.98,0.01,155,4941.17
19.99,0.01,160,4944.34
19.99,0.01,165,4943.43
19.99,0.01,170,4941.49
19.98,0.01,175,4941.27
19.99,0.01,180,4938.81
19.99,0.01,185,4941.37
19.99,0.01,190,4939.18
19.98,0.01,195,4941.25
19.99,0.01,200,4943.9
19.99,0.01,205,4940.36
19.99,0.01,210,4942.01
19.99,0.01,215,4938.77
19.98,0.01,220,4940.86
19.99,0.01,225,4943.36
19.99,0.01,230,4942.8
19.99,0.01,235,4940.54
19.99,0.01,240,4939.05
19.98,0.015,0,4943.88
19.99,0.015,5,4942.86
19.99,0.015,10,4940.84
19.99,0.015,15,4940.34
19.99,0.015,20,4945.64
19.99,0.015,25,4943.82
19.99,0.015,30,4938.04
19.99,0.015,35,4942.05
19.99,0.015,40,4942.23
19.98,0.015,45,4940.4
19.99,0.015,50,4941.47
19.98,0.015,55,4940.22
19.99,0.015,60,4943.09
19.99,0.015,65,4942.93
19.98,0.015,70,4943.85
19.98,0.015,75,4942.41
19.99,0.015,78,4942.77
19.99,0.015,81,4943.65
19.99,0.015,84,4945.02
19.98,0.015,86,4940.42
19.98,0.015,88,4940.77
19.98,0.015,90,4941.75
19.99,0.015,92,4942.1
19.98,0.015,94,4938.63
19.98,0.015,96,4939.01
19.99,0.015,99,4944
19.98,0.015,102,4941.03
19.98,0.015,105,4942.96
19.98,0.015,110,4938.78
19.99,0.015,115,4938.67
19.98,0.015,120,4941.7
19.98,0.015,125,4941.66
19.99,0.015,130,4941.83
19.99,0.015,135,4941.42
19.99,0.015,140,4939.77
19.98,0.015,145,4940.55
19.98,0.015,150,4939.62
19.98,0.015,155,4940.23
19.99,0.015,160,4943.46
19.99,0.015,165,4936.26
19.98,0.015,170,4938.73
19.98,0.015,175,4941.48
19.98,0.015,180,4942.73
19.99,0.015,185,4939.8
19.99,0.015,190,4940.15
19.98,0.015,195,4935.46
19.98,0.015,200,4933.99
19.99,0.015,205,4938.72
19.99,0.015,210,4939.6
19.98,0.015,215,4941.01
19.99,0.015,220,4939.43
19.99,0.015,225,4942.66
19.99,0.015,230,4939.61
19.99,0.015,235,4940.19
19.99,0.015,240,4940.31
19.99,0.02,0,4941.26
19.99,0.02,5,4939.84
19.99,0.02,10,4936.9
19.99,0.02,15,4940.83
19.99,0.02,20,4941.49
19.99,0.02,25,4940.99
19.99,0.02,30,4938.85
19.99,0.02,35,4940.79
19.99,0.02,40,4940.24
19.98,0.02,45,4939.52
19.98,0.02,50,4939
19.98,0.02,55,4942.53
19.99,0.02,60,4944.1
19.99,0.02,65,4940.68
19.98,0.02,70,4945.39
19.98,0.02,75,4939.55
19.99,0.02,78,4942.21
19.98,0.02,81,4941.72
19.98,0.02,84,4939.05
19.98,0.02,86,4944.4
19.99,0.02,88,4940.74
19.98,0.02,90,4944.76
19.98,0.02,92,4943.05
19.98,0.02,94,4945.04
19.98,0.02,96,4942.15
19.98,0.02,99,4943.53
19.99,0.02,102,4938.15
19.98,0.02,105,4940.22
19.99,0.02,110,4943.18
19.99,0.02,115,4943.23
19.98,0.02,120,4942.02
19.98,0.02,125,4939.93
19.99,0.02,130,4942.27
19.99,0.02,135,4941.14
19.98,0.02,140,4937.68
19.98,0.02,145,4938
19.99,0.02,150,4938.72
19.99,0.02,155,4937.63
19.98,0.02,160,4938.71
19.98,0.02,165,4938.04
19.98,0.02,170,4936.38
19.98,0.02,175,4936.14
19.99,0.02,180,4939.95
19.98,0.02,185,4933.5
19.98,0.02,190,4934.54
19.98,0.02,195,4937.33
19.99,0.02,200,4936.87
19.99,0.02,205,4936.11
19.98,0.02,210,4935.25
19.98,0.02,215,4940.34
19.99,0.02,220,4940.06
19.99,0.02,225,4939.85
19.99,0.02,230,4942.53
19.99,0.02,235,4938.49
19.98,0.02,240,4938.76
19.99,0.03,0,4936.51
19.99,0.03,5,4938
19.99,0.03,10,4938.6
19.99,0.03,15,4936.24
19.99,0.03,20,4937.5
19.99,0.03,25,4938.31
19.99,0.03,30,4936.08
19.99,0.03,35,4941.69
19.99,0.03,40,4938.24
19.98,0.03,45,4939.55
19.99,0.03,50,4938.82
19.99,0.03,55,4941.55
19.98,0.03,60,4940.84
19.98,0.03,65,4940.07
19.99,0.03,70,4942.98
19.99,0.03,75,4940.16
19.98,0.03,78,4940.32
19.98,0.03,81,4940.44
19.98,0.03,84,4943.4
19.99,0.03,86,4941.05
19.99,0.03,88,4940.94
19.98,0.03,90,4941.57
19.98,0.03,92,4942.21
19.99,0.03,94,4943.35
19.98,0.03,96,4941.06
19.98,0.03,99,4938.86
19.98,0.03,102,4941.69
19.99,0.03,105,4941.57
19.98,0.03,110,4939.44
19.98,0.03,115,4938.82
19.98,0.03,120,4937.68
19.99,0.03,125,4939.03
19.99,0.03,130,4938.86
19.98,0.03,135,4933.29
19.98,0.03,140,4932.66
19.99,0.03,145,4935.23
19.99,0.03,150,4931.61
19.99,0.03,155,4933.97
19.99,0.03,160,4931.5
19.99,0.03,165,4930.47
19.99,0.03,170,4929.55
19.99,0.03,175,4930.19
19.99,0.03,180,4930.42
19.99,0.03,185,4932.15
19.99,0.03,190,4932.75
19.99,0.03,195,4928.65
19.99,0.03,200,4930.12
19.99,0.03,205,4938.04
19.99,0.03,210,4932.94
19.98,0.03,215,4933.64
19.99,0.03,220,4933.92
19.99,0.03,225,4937.86
19.99,0.03,230,4938.26
19.99,0.03,235,4940.22
19.99,0.03,240,4938.28
19.99,0.05,0,4927.39
19.99,0.05,5,4926.33
19.99,0.05,10,4923.78
19.99,0.05,15,4930.55
19.99,0.05,20,4928.38
19.99,0.05,25,4926.21
19.99,0.05,30,4931.15
19.99,0.05,35,4931.48
19.99,0.05,40,4928.58
19.98,0.05,45,4931.18
19.98,0.05,50,4935.71
19.99,0.05,55,4933.88
19.99,0.05,60,4937.07
19.98,0.05,65,4937.56
19.98,0.05,70,4936.47
19.98,0.05,75,4940.36
19.99,0.05,78,4941.43
19.98,0.05,81,4939.51
19.98,0.05,84,4940.95
19.98,0.05,86,4941.39
19.98,0.05,88,4939.63
19.98,0.05,90,4943.51
19.99,0.05,92,4942.76
19.98,0.05,94,4937.78
19.98,0.05,96,4939.78
19.98,0.05,99,4940.58
19.98,0.05,102,4939.72
19.98,0.05,105,4938.88
19.99,0.05,110,4938.9
19.99,0.05,115,4937.85
19.98,0.05,120,4932.32
19.98,0.05,125,4931.33
19.98,0.05,130,4925.74
19.99,0.05,135,4923
19.99,0.05,140,4923.53
19.99,0.05,145,4924.67
19.99,0.05,150,4919.73
19.98,0.05,155,4914.9
19.98,0.05,160,4916.06
19.98,0.05,165,4911.87
19.99,0.05,170,4914.71
19.98,0.05,175,4916.4
19.98,0.05,180,4912.31
19.99,0.05,185,4917.35
19.99,0.05,190,4916.35
19.99,0.05,195,4913.58
19.98,0.05,200,4914.42
19.99,0.05,205,4916.27
19.99,0.05,210,4920.21
19.99,0.05,215,4925.08
19.99,0.05,220,4923.91
19.99,0.05,225,4930.37
19.99,0.05,230,4931.31
19.99,0.05,235,4934.99
19.99,0.05,240,4931.76
19.99,0.07,0,4903.12
19.99,0.07,5,4904.63
19.99,0.07,10,4908.07
19.99,0.07,15,4910.45
19.99,0.07,20,4906.93
19.99,0.07,25,4909.65
19.99,0.07,30,4914.35
19.99,0.07,35,4915.59
19.99,0.07,40,4919.67
19.98,0.07,45,4923.26
19.98,0.07,50,4927.04
19.98,0.07,55,4933.01
19.98,0.07,60,4932.89
19.98,0.07,65,4934.24
19.99,0.07,70,4938.37
19.99,0.07,75,4937.79
19.99,0.07,78,4938.41
19.98,0.07,81,4939.78
19.98,0.07,84,4940.81
19.99,0.07,86,4938.71
19.98,0.07,88,4937.48
19.98,0.07,90,4940.91
19.98,0.07,92,4936.67
19.99,0.07,94,4938.72
19.98,0.07,96,4935.42
19.98,0.07,99,4936.39
19.98,0.07,102,4936.28
19.99,0.07,105,4935.46
19.99,0.07,110,4929.83
19.99,0.07,115,4924.32
19.98,0.07,120,4921.47
19.98,0.07,125,4919.83
19.98,0.07,130,4914.99
19.98,0.07,135,4910.89
19.99,0.07,140,4906.48
19.99,0.07,145,4904.88
19.99,0.07,150,4900.46
19.98,0.07,155,4898.5
19.99,0.07,160,4891.38
19.99,0.07,165,4890.76
19.98,0.07,170,4888.13
19.98,0.07,175,4891.4
19.98,0.07,180,4889.33
19.99,0.07,185,4891.5
19.99,0.07,190,4891.43
19.99,0.07,195,4893.11
19.99,0.07,200,4896.38
19.98,0.07,205,4899.67
19.98,0.07,210,4905.52
19.99,0.07,215,4904.04
19.99,0.07,220,4908.98
19.99,0.07,225,4916.55
19.99,0.07,230,4919.61
19.99,0.07,235,4918.67
19.99,0.07,240,4927.01
19.99,0.1,0,4863.57
19.99,0.1,5,4869.39
19.99,0.1,10,4877.19
19.99,0.1,15,4869.77
19.99,0.1,20,4878.13
19.99,0.1,25,4877.64
19.99,0.1,30,4883.79
19.99,0.1,35,4890.67
19.98,0.1,40,4894.7
19.98,0.1,45,4903.12
19.98,0.1,50,4911.32
19.99,0.1,55,4917.26
19.98,0.1,60,4920.28
19.99,0.1,65,4928.36
19.98,0.1,70,4927.82
19.98,0.1,75,4929.6
19.98,0.1,78,4935.96
19.98,0.1,81,4935.21
19.98,0.1,84,4936.91
19.98,0.1,86,4937.18
19.99,0.1,88,4938.15
19.98,0.1,90,4937.18
19.98,0.1,92,4934.51
19.99,0.1,94,4932.79
19.98,0.1,96,4929.75
19.99,0.1,99,4931.56
19.99,0.1,102,4932.22
19.99,0.1,105,4922.42
19.99,0.1,110,4917.94
19.98,0.1,115,4909.03
19.98,0.1,120,4903.1
19.99,0.1,125,4895.71
19.99,0.1,130,4889.22
19.99,0.1,135,4881.55
19.98,0.1,140,4873.36
19.98,0.1,145,4860.96
19.98,0.1,150,4855.9
19.99,0.1,155,4851.24
19.99,0.1,160,4846.52
19.99,0.1,165,4845.84
19.99,0.1,170,4844.84
19.98,0.1,175,4842.03
19.99,0.1,180,4844.27
19.99,0.1,185,4844.28
19.99,0.1,190,4848.34
19.99,0.1,195,4852.53
19.99,0.1,200,4856.91
19.99,0.1,205,4858.52
19.99,0.1,210,4866.85
19.99,0.1,215,4875.52
19.99,0.1,220,4880.93
19.99,0.1,225,4892.44
19.99,0.1,230,4897.11
19.98,0.1,235,4903.56
19.99,0.1,240,4912.78
19.99,0.15,0,4775.72
19.99,0.15,5,4776.06
19.99,0.15,10,4781.32
19.99,0.15,15,4787.95
19.99,0.15,20,4792.83
19.99,0.15,25,4799.22
19.99,0.15,30,4812.01
19.99,0.15,35,4822.6
19.99,0.15,40,4840.2
19.98,0.15,45,4851.93
19.98,0.15,50,4864.69
19.98,0.15,55,4879.75
19.98,0.15,60,4893.63
19.98,0.15,65,4904.15
19.99,0.15,70,4911.94
19.99,0.15,75,4921.32
19.98,0.15,78,4924.45
19.98,0.15,81,4924.41
19.98,0.15,84,4926.76
19.99,0.15,86,4925.14
19.99,0.15,88,4930.26
19.99,0.15,90,4925.68
19.98,0.15,92,4928.77
19.98,0.15,94,4921.11
19.99,0.15,96,4921.36
19.98,0.15,99,4921.03
19.98,0.15,102,4913.24
19.98,0.15,105,4908.07
19.98,0.15,110,4896.42
19.99,0.15,115,4878.55
19.99,0.15,120,4865.06
19.99,0.15,125,4846.08
19.98,0.15,130,4830.74
19.99,0.15,135,4810.96
19.98,0.15,140,4797.33
19.99,0.15,145,4781.48
19.99,0.15,150,4765.7
19.99,0.15,155,4762.31
19.99,0.15,160,4746.21
19.99,0.15,165,4743.82
19.99,0.15,170,4742.46
19.99,0.15,175,4737.29
19.99,0.15,180,4738.07
19.99,0.15,185,4737.85
19.99,0.15,190,4748.72
19.99,0.15,195,4751.77
19.99,0.15,200,4760.98
19.99,0.15,205,4777.64
19.99,0.15,210,4788.86
19.99,0.15,215,4805.87
19.99,0.15,220,4817.65
19.99,0.15,225,4834.63
19.99,0.15,230,4850.87
19.99,0.15,235,4864.51
19.99,0.15,240,4882.92
19.99,0.2,0,4655.19
19.99,0.2,5,4656.39
19.99,0.2,10,4655.87
20,0.2,15,4667.7
19.99,0.2,20,4680.11
19.99,0.2,25,4695.98
20,0.2,30,4716.46
19.99,0.2,35,4735.82
19.99,0.2,40,4755.77
19.98,0.2,45,4786.24
19.99,0.2,50,4809.99
19.99,0.2,55,4833.33
19.99,0.2,60,4854.59
19.98,0.2,65,4875.3
19.98,0.2,70,4890.55
19.99,0.2,75,4905.2
19.98,0.2,78,4911.18
19.99,0.2,81,4916.23
19.98,0.2,84,4920.39
19.99,0.2,86,4917
19.98,0.2,88,4919.86
19.99,0.2,90,4916.78
19.99,0.2,92,4918.09
19.99,0.2,94,4911.29
19.98,0.2,96,4910.83
19.98,0.2,99,4898.24
19.98,0.2,102,4890.17
19.98,0.2,105,4880.03
19.98,0.2,110,4860.07
19.99,0.2,115,4836.66
19.99,0.2,120,4807.04
19.99,0.2,125,4784.1
19.99,0.2,130,4751.83
19.98,0.2,135,4724.7
19.99,0.2,140,4700.01
19.99,0.2,145,4674.07
19.99,0.2,150,4654.22
19.99,0.2,155,4634.78
19.99,0.2,160,4623.41
19.99,0.2,165,4612.51
19.99,0.2,170,4604.89
19.99,0.2,175,4600.71
19.99,0.2,180,4599.95
19.99,0.2,185,4602.38
19.99,0.2,190,4614.09
19.98,0.2,195,4627.95
19.99,0.2,200,4643.77
19.99,0.2,205,4662.7
19.99,0.2,210,4683.18
19.99,0.2,215,4709.9
19.99,0.2,220,4737.42
19.99,0.2,225,4762.27
19.99,0.2,230,4788.48
19.99,0.2,235,4814.64
19.99,0.2,240,4839.38
19.99,0.3,0,4342.74
19.99,0.3,5,4349.1
19.99,0.3,10,4358.85
19.99,0.3,15,4376.79
19.99,0.3,20,4389.43
19.99,0.3,25,4422.89
19.99,0.3,30,4457.64
19.99,0.3,35,4496.33
20,0.3,40,4542.38
19.99,0.3,45,4595.33
19.98,0.3,50,4645.1
19.98,0.3,55,4689.77
19.98,0.3,60,4742.85
19.99,0.3,65,4786.26
19.99,0.3,70,4833.47
19.98,0.3,75,4857.28
19.98,0.3,78,4872.97
19.98,0.3,81,4882.72
19.99,0.3,84,4890.98
19.98,0.3,86,4887.84
19.98,0.3,88,4892.87
19.99,0.3,90,4892.34
19.98,0.3,92,4884.78
19.99,0.3,94,4880.47
19.98,0.3,96,4867.46
19.98,0.3,99,4854.83
19.98,0.3,102,4839.89
19.99,0.3,105,4814.48
19.99,0.3,110,4767.92
19.99,0.3,115,4719.44
19.99,0.3,120,4666.69
19.98,0.3,125,4605.54
19.99,0.3,130,4552.5
19.98,0.3,135,4498.03
19.99,0.3,140,4447.03
19.98,0.3,145,4401.97
19.99,0.3,150,4364.65
19.99,0.3,155,4335.62
19.99,0.3,160,4310.37
19.99,0.3,165,4286.94
19.99,0.3,170,4279.33
19.98,0.3,175,4280.5
20,0.3,180,4278.19
19.99,0.3,185,4289.95
19.99,0.3,190,4306.5
19.99,0.3,195,4320.8
19.99,0.3,200,4353.14
19.99,0.3,205,4380.81
19.99,0.3,210,4418.18
19.99,0.3,215,4459.41
19.99,0.3,220,4507.67
19.99,0.3,225,4559.6
19.99,0.3,230,4607.23
19.98,0.3,235,4666.11
19.99,0.3,240,4713.22
19.99,0.5,0,3759.6
19.99,0.5,5,3759.17
19.99,0.5,10,3771.96
19.99,0.5,15,3793.79
19.99,0.5,20,3823.57
19.99,0.5,25,3854.77
20,0.5,30,3895.36
19.99,0.5,35,3954.34
19.99,0.5,40,4023.39
19.99,0.5,45,4102.07
19.98,0.5,50,4199.86
19.99,0.5,55,4303.49
19.99,0.5,60,4411.89
19.98,0.5,65,4527.88
19.98,0.5,70,4629.79
19.98,0.5,75,4718.13
19.98,0.5,78,4765.95
19.99,0.5,81,4794.87
19.98,0.5,84,4817.38
19.99,0.5,86,4820.27
19.99,0.5,88,4829.76
19.98,0.5,90,4821.12
19.98,0.5,92,4812.99
19.99,0.5,94,4804.35
19.98,0.5,96,4780.27
19.98,0.5,99,4742.84
19.99,0.5,102,4692.99
19.98,0.5,105,4630.53
19.99,0.5,110,4519.61
19.98,0.5,115,4398.09
19.99,0.5,120,4274.67
19.99,0.5,125,4161.5
20,0.5,130,4059.17
19.99,0.5,135,3979.25
19.99,0.5,140,3903.28
19.99,0.5,145,3846.39
19.99,0.5,150,3797.84
19.99,0.5,155,3762.15
20,0.5,160,3735.8
19.99,0.5,165,3722.64
19.99,0.5,170,3712.68
19.99,0.5,175,3708.24
19.99,0.5,180,3708.81
19.99,0.5,185,3723.84
19.99,0.5,190,3737.58
19.99,0.5,195,3760.13
19.99,0.5,200,3787.82
19.99,0.5,205,3828.16
19.99,0.5,210,3873.72
19.99,0.5,215,3926.82
19.99,0.5,220,3986.09
19.99,0.5,225,4056.17
19.99,0.5,230,4154.3
19.99,0.5,235,4251.73
19.99,0.5,240,4356.48
19.99,0.7,0,3357.65
19.99,0.7,5,3364.02
19.99,0.7,10,3365.01
19.99,0.7,15,3380.32
19.99,0.7,20,3409.26
19.99,0.7,25,3431.44
20,0.7,30,3472.31
19.99,0.7,35,3523.69
20,0.7,40,3585.53
19.99,0.7,45,3666.61
19.99,0.7,50,3757.92
19.99,0.7,55,3880.88
19.99,0.7,60,4023.29
19.99,0.7,65,4188.82
19.99,0.7,70,4363.35
19.98,0.7,75,4530.82
19.98,0.7,78,4615.69
19.99,0.7,81,4679.3
19.98,0.7,84,4730.69
19.98,0.7,86,4754.39
19.98,0.7,88,4754.69
19.98,0.7,90,4750.63
19.99,0.7,92,4735.79
19.99,0.7,94,4710.22
19.98,0.7,96,4678.25
19.98,0.7,99,4598.15
19.98,0.7,102,4503.83
19.99,0.7,105,4406.06
19.99,0.7,110,4215.92
19.99,0.7,115,4040.94
19.99,0.7,120,3872.9
19.99,0.7,125,3746.57
19.99,0.7,130,3638.75
19.99,0.7,135,3549.97
19.99,0.7,140,3478.82
20,0.7,145,3420.81
19.99,0.7,150,3385.17
20,0.7,155,3347.83
19.99,0.7,160,3333.35
20.01,0.7,165,3323.76
20,0.7,170,3314.61
19.99,0.7,175,3316.59
20,0.7,180,3312.7
19.99,0.7,185,3334.15
20,0.7,190,3346.22
19.99,0.7,195,3362.93
19.99,0.7,200,3384.85
19.99,0.7,205,3418.29
20,0.7,210,3452.98
19.99,0.7,215,3498.94
19.99,0.7,220,3567.19
19.99,0.7,225,3638.7
19.99,0.7,230,3728.78
19.99,0.7,235,3845.78
19.99,0.7,240,3982.75
19.99,1,0,2962.06
20,1,5,2963.52
19.99,1,10,2970.14
19.99,1,15,2976.35
19.99,1,20,2992.98
19.99,1,25,3012.2
20,1,30,3044.46
19.99,1,35,3084.28
19.99,1,40,3138.65
20,1,45,3197.26
20,1,50,3271.61
20,1,55,3377.34
19.99,1,60,3519.39
19.99,1,65,3684.94
19.99,1,70,3931.05
19.99,1,75,4198.56
19.98,1,78,4356.24
19.98,1,81,4501.06
19.99,1,84,4598.05
19.98,1,86,4648.4
19.98,1,88,4671.87
19.98,1,90,4672.35
19.98,1,92,4633.39
19.98,1,94,4592.81
19.98,1,96,4508.78
19.99,1,99,4372.43
19.98,1,102,4195.49
19.99,1,105,4033.5
19.99,1,110,3773.52
19.99,1,115,3558
19.99,1,120,3398.08
20,1,125,3271.94
19.99,1,130,3177.89
19.99,1,135,3106.41
19.99,1,140,3043.58
19.99,1,145,2996.35
19.99,1,150,2970.81
19.99,1,155,2931.96
19.99,1,160,2929.75
20,1,165,2925.51
19.99,1,170,2921.11
19.99,1,175,2933.15
19.99,1,180,2942.81
20,1,185,2938.66
19.99,1,190,2958.66
19.99,1,195,2962.83
19.99,1,200,2984.07
19.99,1,205,3008.27
20,1,210,3041.17
19.99,1,215,3060.32
20,1,220,3119.37
19.99,1,225,3183.71
20,1,230,3261.85
20,1,235,3366.87
19.99,1,240,3510.85
19.99,1.5,0,2528.86
19.99,1.5,5,2533.09
19.99,1.5,10,2533.98
20,1.5,15,2534.05
20,1.5,20,2551.43
20,1.5,25,2568.74
20,1.5,30,2582.95
19.99,1.5,35,2628.78
19.99,1.5,40,2660.45
20,1.5,45,2711.64
20,1.5,50,2765.55
19.99,1.5,55,2833.11
19.99,1.5,60,2978.32
19.99,1.5,65,3111.95
20,1.5,70,3331.87
19.99,1.5,75,3632.34
19.99,1.5,78,3886.7
19.98,1.5,81,4158.54
19.98,1.5,84,4395.26
19.99,1.5,86,4503.17
19.98,1.5,88,4566.46
19.98,1.5,90,4563.05
19.98,1.5,92,4524.66
19.98,1.5,94,4399.98
19.98,1.5,96,4250.82
19.98,1.5,99,3984.25
19.99,1.5,102,3718.63
19.99,1.5,105,3483.53
19.99,1.5,110,3206.98
20,1.5,115,3012.28
19.99,1.5,120,2863.41
19.99,1.5,125,2762.77
20,1.5,130,2683.42
20,1.5,135,2623.55
20,1.5,140,2572.03
20,1.5,145,2551.45
20,1.5,150,2510.41
20,1.5,155,2500.13
19.99,1.5,160,2494.39
20,1.5,165,2489.27
20,1.5,170,2503.92
19.99,1.5,175,2503.95
20,1.5,180,2531.28
19.99,1.5,185,2532.75
20,1.5,190,2535.27
20,1.5,195,2520.07
20,1.5,200,2560.45
19.99,1.5,205,2559.18
20,1.5,210,2593.47
20,1.5,215,2594.42
20,1.5,220,2653.91
20,1.5,225,2702.25
19.99,1.5,230,2771.37
20,1.5,235,2854.2
19.99,1.5,240,2969.96
19.99,2,0,2236.41
20,2,5,2242.21
19.99,2,10,2238.08
19.99,2,15,2241.81
20,2,20,2242.56
20,2,25,2259.78
20,2,30,2280.85
20,2,35,2295.95
19.99,2,40,2337.24
20,2,45,2376.01
19.99,2,50,2430.89
20,2,55,2500.96
20,2,60,2617.31
20,2,65,2738.91
19.99,2,70,2919.67
19.99,2,75,3208.3
19.99,2,78,3460.63
20,2,81,3799.4
19.98,2,84,4167.67
19.99,2,86,4370.66
19.98,2,88,4487.08
19.98,2,90,4495.89
19.98,2,92,4434.15
19.98,2,94,4244.77
19.98,2,96,3988.59
19.98,2,99,3623.87
19.99,2,102,3321.33
19.99,2,105,3081.81
19.99,2,110,2817.34
20,2,115,2647.92
20,2,120,2517.62
19.99,2,125,2427.79
19.99,2,130,2359.46
19.99,2,135,2300.93
20,2,140,2255.51
20,2,145,2229.13
20,2,150,2204.6
20,2,155,2188.33
20,2,160,2187.55
20,2,165,2212.21
19.99,2,170,2204.74
20,2,175,2215.5
19.99,2,180,2219.21
20,2,185,2227.53
20,2,190,2261.01
20,2,195,2248.69
20,2,200,2248.64
19.99,2,205,2266.45
20,2,210,2275.77
19.99,2,215,2276.64
19.99,2,220,2338.47
20,2,225,2386.78
20,2,230,2443.68
20,2,235,2508.52
20,2,240,2606.69
19.99,3,0,1827.18
20,3,5,1833.43
19.99,3,10,1828.42
19.99,3,15,1838.63
20,3,20,1821.15
20,3,25,1841.51
20,3,30,1833.81
20,3,35,1845.79
19.99,3,40,1874.22
19.99,3,45,1902.39
20,3,50,1950.4
19.99,3,55,2023.29
20,3,60,2102.24
20,3,65,2203.56
20,3,70,2355.83
20,3,75,2604.19
19.99,3,78,2822.8
19.99,3,81,3152.42
19.99,3,84,3673.64
19.99,3,86,4047.3
19.99,3,88,4331.11
19.99,3,90,4395.93
19.99,3,92,4211.02
19.99,3,94,3872.31
19.99,3,96,3470.35
19.99,3,99,3004.24
20,3,102,2714.85
20,3,105,2509.41
20,3,110,2266.66
20,3,115,2131.65
20,3,120,2026.05
20,3,125,1952.1
20.01,3,130,1892.46
20,3,135,1844.23
20,3,140,1811.7
19.99,3,145,1789.97
20,3,150,1774.95
20,3,155,1771.7
20,3,160,1779.1
20,3,165,1783.33
20,3,170,1791.37
20,3,175,1803.78
20,3,180,1828.21
20,3,185,1829.03
20,3,190,1829.23
19.99,3,195,1838.33
20,3,200,1826.99
20,3,205,1832.86
19.99,3,210,1834.78
20,3,215,1836.77
20,3,220,1886.03
20,3,225,1924.97
19.99,3,230,1975.29
19.99,3,235,2021.24
20,3,240,2113.99
19.99,5,0,1366.05
19.99,5,5,1381.95
20,5,10,1375.26
20,5,15,1381.93
20,5,20,1356.07
20,5,25,1372.52
20,5,30,1393.72
20,5,35,1396.41
20,5,40,1390.94
20,5,45,1438.15
19.99,5,50,1460.12
20,5,55,1512.39
20,5,60,1570.53
20,5,65,1629.69
20,5,70,1756.31
20,5,75,1940.86
20,5,78,2099.43
20,5,81,2385.58
19.99,5,84,2843.32
20,5,86,3387.04
19.98,5,88,4074.77
19.99,5,90,4320.6
19.99,5,92,4015.5
19.99,5,94,3280.17
19.99,5,96,2743.52
19.99,5,99,2326.94
20,5,102,2045.08
20,5,105,1902.86
20,5,110,1693.17
20,5,115,1590.13
20,5,120,1538.09
20,5,125,1441.73
20,5,130,1404.82
20,5,135,1383.63
19.99,5,140,1351.77
20,5,145,1345.41
19.99,5,150,1339.92
20,5,155,1323.19
19.99,5,160,1345.25
20,5,165,1334.83
20,5,170,1344.01
20,5,175,1350.1
19.99,5,180,1361.39
19.99,5,185,1374.46
19.99,5,190,1383.57
20,5,195,1355.23
20,5,200,1370.94
20,5,205,1366.44
20,5,210,1375.04
20,5,215,1376.2
20,5,220,1372.59
20,5,225,1426.21
20,5,230,1445.08
20,5,235,1494.74
20,5,240,1555.86
20,7,0,1121.54
19.99,7,5,1125.68
20,7,10,1103.16
20,7,15,1103.25
20,7,20,1110.1
20,7,25,1112.69
20,7,30,1122.93
20,7,35,1130.08
20,7,40,1147.95
20,7,45,1167.95
19.99,7,50,1177.52
19.99,7,55,1215.2
20,7,60,1249.19
20,7,65,1327.61
20,7,70,1409.79
19.99,7,75,1533.05
19.99,7,78,1687.04
20,7,81,1917.41
19.99,7,84,2319.8
20,7,86,2836.27
19.99,7,88,3644.44
19.98,7,90,4299.85
19.98,7,92,3840.11
20,7,94,2953.55
19.99,7,96,2347.14
20,7,99,1905.53
20,7,102,1680.22
20,7,105,1522.45
19.99,7,110,1343.2
20,7,115,1307.21
19.99,7,120,1244.5
19.99,7,125,1187.58
20,7,130,1157.78
20,7,135,1130.49
19.99,7,140,1114.39
20,7,145,1086.97
19.99,7,150,1078.22
20,7,155,1084.7
19.99,7,160,1084
20,7,165,1084.7
20,7,170,1102.28
20,7,175,1092.11
19.99,7,180,1120.08
20,7,185,1093.58
20,7,190,1085.12
20,7,195,1106.71
20,7,200,1110.76
20,7,205,1113.43
20,7,210,1117.67
20,7,215,1117.17
19.99,7,220,1150.53
20,7,225,1171.54
19.99,7,230,1180.64
20,7,235,1228.83
20,7,240,1278.02
19.99,8,0,1012.64
19.99,8,5,1029.94
20,8,10,1026.4
19.99,8,15,1016.3
20,8,20,1025.43
20,8,25,1024.2
20,8,30,1025.79
20,8,35,1051.73
20,8,40,1055.89
20,8,45,1073.47
20,8,50,1102.86
20,8,55,1128.12
20,8,60,1157.98
20,8,65,1199.05
20,8,70,1293.95
20,8,75,1387.07
20,8,78,1535.07
19.99,8,81,1750.75
20,8,84,2119.42
20,8,86,2590.8
19.99,8,88,3425.67
20.01,8,90,4273.35
19.99,8,92,3771.86
19.99,8,94,2749.55
20,8,96,2188.45
20,8,99,1771.03
20,8,102,1533.17
20,8,105,1400.59
20,8,110,1259.35
20,8,115,1202.85
20,8,120,1149.06
19.99,8,125,1099.38
20,8,130,1067.86
20,8,135,1043.5
20,8,140,1016.48
20,8,145,1004.74
20,8,150,999.36
20,8,155,974.03
20,8,160,995.65
20,8,165,994.28
20,8,170,1007.35
20,8,175,1007.79
20,8,180,1015.52
20,8,185,1002.52
20,8,190,1020.34
20,8,195,1005.81
20,8,200,1015.2
20,8,205,1026.84
20,8,210,1025.25
20,8,215,1026
19.99,8,220,1039.49
20,8,225,1065.8
20,8,230,1089.52
20,8,235,1118.77
20,8,240,1171.56