eval,round,generation,timestamp,status,fitness,all_constraints_ok,a_mm,b_mm,gap_mm,face_gap_mm,n_layers,n_turns,n_total,tape_km,I_op_A,B_target_T,uniformity_pct,hoop_MPa,worst_load,ta_converged,n_ta_solves,trials,eval_min,error
1,1,1,2026-09-28 14:06:49,ok,46.80508779477997,False,42.3164474205615,54.86077556986082,25.935386128639006,3.8707722572780128,12,"[670, 670, 420, 420, 561, 561, 824, 824, 789, 789, 695, 695]",7918,2.755930708032759,77.09394246070157,9.051911451414203,0.10818555018766768,61.64421371924036,0.9997541409005278,True,3,71.3:0.9837;79.5:1.0065;77.1:0.9998,28.59,
2,1,1,2026-09-28 14:06:49,rejected_geometry,1864.1231708509908,False,44.20165172457561,44.55374044408899,26.12260296091956,4.245205921839121,12,"[671, 671, 491, 491, 592, 592, 576, 576, 840, 840, 861, 861]",8062,,,,,,,,,,0.0,straight section b-a=0.35 mm < 5 mm
3,1,1,2026-09-28 14:06:50,rejected_geometry,1106.2404088528322,False,36.44290944165044,45.94150792367826,25.64569248601667,3.291384972033344,12,"[711, 711, 253, 253, 620, 620, 663, 663, 747, 747, 837, 837]",7662,,,,,,,,,,0.0,bend radius 5.06 mm < 7.5 mm
4,1,1,2026-09-28 14:06:50,rejected_geometry,1290.5527253642442,False,40.30067656921569,42.605529424047894,26.84357445684001,5.687148913680017,12,"[730, 730, 384, 384, 500, 500, 554, 554, 845, 845, 802, 802]",7630,,,,,,,,,,0.0,straight section b-a=2.30 mm < 5 mm
5,1,1,2026-09-28 14:06:50,rejected_geometry,1378.9738009779567,False,36.63293639798951,47.364283039008484,25.640785746264548,3.281571492529098,12,"[900, 900, 377, 377, 450, 450, 624, 624, 655, 655, 774, 774]",7560,,,,,,,,,,0.0,bend radius 2.88 mm < 7.5 mm
6,1,1,2026-09-28 14:06:50,rejected_geometry,1168.0317790646295,False,37.57562403529018,47.12887879179217,25.996496387623093,3.9929927752461873,12,"[737, 737, 354, 354, 470, 470, 612, 612, 884, 884, 798, 798]",7710,,,,,,,,,,0.0,bend radius 4.43 mm < 7.5 mm
7,1,1,2026-09-28 14:06:50,ok,329.32813545494315,False,38.42805253712725,47.75406759248107,26.347988998166315,4.695977996332632,12,"[696, 696, 379, 379, 719, 719, 598, 598, 671, 671, 745, 745]",7616,2.278066829147475,55.83503642321763,6.899179423506211,0.6002671505640497,26.069623779822635,0.9984265082609879,True,5,70.7:1.0529;50.2:0.9645;57.8:1.0076;56.4:1.0015;55.8:0.9984,51.7,
8,1,1,2026-09-28 14:06:50,ok,145.04262994331845,False,39.30483727565093,47.33149651119575,25.64112372516332,3.282247450326639,12,"[821, 821, 482, 482, 567, 567, 657, 657, 803, 803, 778, 778]",8216,2.511025545112485,90.48492448634549,12.852158763525972,2.15070519962612,76.90347036957662,0.9979945177236086,True,5,68.5:0.9460;99.1:1.0315;86.8:0.9805;91.4:1.0037;90.5:0.9980,47.02,
9,1,1,2026-09-28 14:06:50,ok,2.4494139170516873,True,38.56404060447041,47.51243780581118,26.808097136940916,5.616194273881832,12,"[720, 720, 459, 459, 647, 647, 683, 683, 791, 791, 788, 788]",8176,2.4494139170516873,97.95028975187955,12.72399978586044,0.7777500405465719,84.45968221721733,0.994765024177955,True,2,70.6:0.9521;98.0:0.9948,20.01,
10,1,1,2026-09-28 14:06:50,ok,33.2245760933449,False,40.16761385679119,48.31060241367686,26.08762633233745,4.175252664674903,12,"[723, 723, 261, 261, 503, 503, 648, 648, 757, 757, 762, 762]",7308,2.2553267645926987,108.33737837677029,12.65910062961706,1.4296081252716075,101.3050673119131,0.9992925592997577,True,3,70.4:0.9348;110.4:1.0029;108.3:0.9993,27.82,
11,1,1,2026-09-28 14:59:33,rejected_geometry,1051.9952570780192,False,32.37731486071285,41.8087699800795,34.89067722601635,5.781354452032705,16,"[535, 535, 542, 542, 53, 53, 517, 517, 431, 431, 526, 526, 699, 699, 709, 709]",8024,,,,,,,,,,0.0,bend radius 5.79 mm < 7.5 mm
12,1,1,2026-09-28 14:59:33,rejected_geometry,1044.5996498202041,False,31.82897211646679,36.507120579271074,33.99095547940355,3.9819109588071084,16,"[515, 515, 574, 574, 128, 128, 493, 493, 515, 515, 689, 689, 620, 620, 588, 588]",8244,,,,,,,,,,0.0,straight section b-a=4.68 mm < 5 mm; bend radius 5.99 mm < 7.5 mm
13,1,1,2026-09-28 14:59:33,rejected_geometry,1048.8306630167456,False,31.305175410581274,40.03155314968859,33.86397998485428,3.727959969708566,16,"[679, 679, 613, 613, 35, 35, 559, 559, 462, 462, 678, 678, 499, 499, 560, 560]",8170,,,,,,,,,,0.0,bend radius 5.84 mm < 7.5 mm
14,1,1,2026-09-28 14:59:33,rejected_geometry,1018.7930778101612,False,32.72184114708788,43.48328996155837,34.12843256282868,4.256865125657358,16,"[505, 505, 700, 700, 49, 49, 435, 435, 514, 514, 648, 648, 617, 617, 527, 527]",7990,,,,,,,,,,0.0,bend radius 6.47 mm < 7.5 mm
15,1,1,2026-09-28 14:59:33,ok,10.863087721127885,False,35.55462252048298,45.29651086159628,34.319441134695886,4.63888226939177,16,"[602, 602, 543, 543, 15, 15, 460, 460, 592, 592, 611, 611, 629, 629, 608, 608]",8120,2.222555475489422,97.59519739394224,11.201263429615041,1.1325639979675677,67.34303952893652,0.9986917778192528,True,4,82.9:0.9699;101.6:1.0054;98.6:1.0005;97.6:0.9987,52.63,
16,1,1,2026-09-28 14:59:33,rejected_geometry,1697.5238579377096,False,32.255700222822995,33.079805534442706,34.38045469522736,4.760909390454718,16,"[500, 500, 410, 410, 20, 20, 585, 585, 351, 351, 626, 626, 548, 548, 643, 643]",7366,,,,,,,,,,0.0,straight section b-a=0.82 mm < 5 mm
17,1,1,2026-09-28 14:59:33,rejected_geometry,1289.1222465520207,False,30.092243328869053,40.41837016590526,33.71178415718743,3.423568314374861,16,"[542, 542, 535, 535, 31, 31, 561, 561, 490, 490, 577, 577, 710, 710, 639, 639]",8170,,,,,,,,,,0.0,bend radius 3.47 mm < 7.5 mm
18,1,1,2026-09-28 14:59:33,rejected_geometry,1183.1902835053575,False,29.902444946394787,36.144708484885214,34.23390633333342,4.467812666666848,16,"[566, 566, 576, 576, 15, 15, 652, 652, 619, 619, 491, 491, 683, 683, 585, 585]",8374,,,,,,,,,,0.0,bend radius 4.29 mm < 7.5 mm
19,1,1,2026-09-28 14:59:33,rejected_geometry,1023.4225673755135,False,33.2021675144549,47.50190729481216,34.184286795869504,4.368573591739006,16,"[569, 569, 593, 593, 16, 16, 553, 553, 430, 430, 716, 716, 691, 691, 551, 551]",8238,,,,,,,,,,0.0,bend radius 6.35 mm < 7.5 mm
20,1,1,2026-09-28 14:59:33,rejected_geometry,1037.3463458276372,False,31.663109799672775,45.15629823515091,33.665950367040274,3.331900734080545,16,"[439, 439, 678, 678, 38, 38, 514, 514, 437, 437, 683, 683, 503, 503, 520, 520]",7624,,,,,,,,,,0.0,bend radius 6.05 mm < 7.5 mm
21,1,1,2026-09-28 14:59:33,rejected_geometry,1533.8901967201987,False,28.30741573372168,34.398778631366056,33.58080802359038,3.1616160471807513,16,"[537, 537, 598, 598, 15, 15, 458, 458, 508, 508, 521, 521, 657, 657, 701, 701]",7990,,,,,,,,,,0.0,bend radius 2.02 mm < 7.5 mm
22,1,1,2026-09-28 18:39:35,rejected_geometry,1004.1528754900364,False,31.02709761946442,35.70488357996442,41.9967980942642,3.9935961885284033,20,"[447, 447, 486, 486, 223, 223, 88, 88, 420, 420, 358, 358, 421, 421, 418, 418, 540, 540, 384, 384]",7570,,,,,,,,,,0.0,straight section b-a=4.68 mm < 5 mm
23,1,1,2026-09-28 18:39:35,rejected_geometry,1020.391239510023,False,26.791515769285656,36.86029589073998,42.076887529418656,4.153775058837309,20,"[367, 367, 407, 407, 231, 231, 213, 213, 442, 442, 477, 477, 435, 435, 543, 543, 538, 538, 435, 435]",8176,,,,,,,,,,0.0,bend radius 6.43 mm < 7.5 mm
24,1,1,2026-09-28 18:39:35,ok,117.06493746251252,False,31.725783922479607,38.73490967696089,41.6483892338604,3.296778467720793,20,"[500, 500, 403, 403, 318, 318, 179, 179, 519, 519, 359, 359, 411, 411, 511, 511, 434, 434, 477, 477]",8222,2.0315242513570086,103.51321160265285,11.15209985013302,2.0134363143992315,67.34837788137541,0.9986659250529185,True,2,86.5:0.9734;103.5:0.9987,62.69,
25,1,1,2026-09-28 18:39:35,ok,2.183076004981845,True,31.456039197503568,39.767350064967935,41.956235862124494,3.912471724248981,20,"[417, 417, 509, 509, 294, 294, 100, 100, 384, 384, 413, 413, 455, 455, 552, 552, 591, 591, 451, 451]",8332,2.183076004981845,105.06058696250523,10.45725398345005,0.17286516209940817,69.34267118182338,0.9987779798071571,True,4,86.1:0.9581;114.5:1.0158;106.1:1.0009;105.1:0.9988,94.47,
26,1,1,2026-09-28 18:39:35,ok,803.0925601966651,False,32.303967214973596,48.15601914222302,42.245400907436704,4.490801814873407,20,"[443, 443, 535, 535, 193, 193, 169, 169, 375, 375, 405, 405, 513, 513, 407, 407, 515, 515, 420, 420]",7950,2.3077473011841767,51.03716878500405,4.978494548842983,0.3728805838678684,16.462744310987148,0.9038099843990764,True,6,95.6:1.0988;51.0:0.9051;70.5:1.0321;65.2:1.0149;63.2:1.0023;51.0:0.9038,220.0,
27,1,1,2026-09-28 18:39:35,ok,1.9604982941890596,True,29.326248007783807,42.63608393242458,41.89377397810755,3.7875479562151093,20,"[377, 377, 456, 456, 213, 213, 217, 217, 355, 355, 365, 365, 489, 489, 472, 472, 395, 395, 468, 468]",7614,1.9604982941890596,120.00834350038322,11.144540636904763,0.22356192982546297,80.22127358577342,0.9968506944144742,True,2,99.4:0.9722;120.0:0.9969,73.99,
28,1,1,2026-09-28 18:39:35,ok,180.41405922249228,False,26.837899886104644,35.830921485702696,41.893489310058214,3.786978620116427,20,"[492, 492, 490, 490, 192, 192, 156, 156, 434, 434, 399, 399, 487, 487, 500, 500, 474, 474, 490, 490]",8228,1.7843536525966797,72.1542505488603,7.786647294687153,0.43248362295518233,26.837943468092078,0.9425069946118436,True,5,69.1:0.9466;99.6:1.0306;87.5:1.0119;83.9:1.2099;72.2:0.9425,116.86,
29,1,1,2026-09-28 18:39:35,ok,71.35728250680587,False,31.48761171568206,43.45982115334138,42.291900475837934,4.583800951675862,20,"[488, 488, 427, 427, 227, 227, 145, 145, 439, 439, 412, 412, 536, 536, 516, 516, 541, 541, 429, 429]",8320,2.2163898467503897,88.1322029974122,8.813959074859111,1.0927247488682816,48.2256892484132,0.9861259206754259,True,2,90.4:1.0038;88.1:0.9861,68.92,
30,1,1,2026-09-28 18:39:35,ok,18.379146333092226,False,31.315319547178138,37.809308495287844,41.79926052902738,3.598521058054749,20,"[391, 391, 395, 395, 257, 257, 71, 71, 453, 453, 434, 434, 444, 444, 503, 503, 548, 548, 521, 521]",8034,1.9807196880292712,105.75198689476974,9.538486357580132,0.27413782192053254,65.8375188375031,0.9928898340428618,True,3,92.4:0.9641;117.9:1.0298;105.8:0.9929,73.79,
31,1,1,2026-09-28 18:39:35,ok,206.09018813486622,False,32.47373318877582,39.48840752337845,42.352643704750776,4.705287409501546,20,"[405, 405, 506, 506, 359, 359, 248, 248, 377, 377, 350, 350, 447, 447, 526, 526, 496, 496, 441, 441]",8310,2.1141473535426782,73.53550113684899,7.614246340007421,0.43575861329536714,35.495306476601996,0.9922075717840095,True,2,92.5:1.0350;73.5:0.9922,78.52,
32,1,1,2026-09-28 18:39:35,ok,14.70660257535792,False,31.907541455534474,42.26930970652706,42.205015769955395,4.410031539910792,20,"[496, 496, 480, 480, 218, 218, 31, 31, 418, 418, 465, 465, 471, 471, 468, 468, 414, 414, 427, 427]",7776,1.9839665116273395,118.87774738323455,12.05922630482459,1.20354645533786,78.24567940407256,0.9989353869261762,True,2,96.4:0.9690;118.9:0.9989,69.85,
33,1,2,2026-09-28 19:23:36,rejected_geometry,1001.666024579958,False,42.70676464424346,47.50267982241942,25.928395095876567,3.856790191753133,12,"[695, 695, 446, 446, 728, 728, 587, 587, 858, 858, 767, 767]",8162,,,,,,,,,,0.0,straight section b-a=4.80 mm < 5 mm
34,1,2,2026-09-28 19:23:36,rejected_geometry,1027.0597964363255,False,40.16626033964077,49.67879858550781,26.69383709256355,5.3876741851271035,12,"[767, 767, 415, 415, 698, 698, 730, 730, 904, 904, 802, 802]",8632,,,,,,,,,,0.0,bend radius 6.27 mm < 7.5 mm
35,1,2,2026-09-28 19:23:36,rejected_geometry,1014.031268176066,False,37.399097594046644,50.4728561397331,25.819999800895545,3.639999601791087,12,"[821, 821, 473, 473, 500, 500, 692, 692, 773, 773, 721, 721]",7960,,,,,,,,,,0.0,bend radius 6.61 mm < 7.5 mm
36,1,2,2026-09-28 19:23:36,rejected_geometry,1001.851273408356,False,42.989801798548505,49.36106742883145,26.02665028149775,4.0533005629955,12,"[644, 644, 443, 443, 574, 574, 753, 753, 955, 955, 892, 892]",8522,,,,,,,,,,0.0,bend radius 7.18 mm < 7.5 mm
37,1,2,2026-09-28 19:23:36,ok,9.354320447841367,False,42.447850443946145,48.90671741062457,25.799746054128885,3.5994921082577664,12,"[772, 772, 378, 378, 717, 717, 755, 755, 762, 762, 822, 822]",8412,2.6390118848702375,78.25771483481418,10.54329322416913,1.093182451053999,80.3011156620632,0.9989460735524813,True,5,53.9:0.8969;111.2:1.0733;83.6:1.0159;79.0:1.0019;78.3:0.9989,43.94,
38,1,2,2026-09-28 19:23:36,rejected_geometry,1255.8092842068916,False,36.93168057809026,45.12513139141623,26.480716726277937,4.961433452555869,12,"[772, 772, 322, 322, 636, 636, 738, 738, 886, 886, 841, 841]",8390,,,,,,,,,,0.0,bend radius 3.71 mm < 7.5 mm
39,1,2,2026-09-28 19:23:36,ok,77.25757397409235,False,39.57596560267869,51.346915760239206,26.50694714536909,5.0138942907381745,12,"[717, 717, 493, 493, 569, 569, 831, 831, 813, 813, 726, 726]",8298,2.6842205450505436,68.81036303971632,8.676065778704174,0.3632230463970129,48.47562009276611,0.9901812209136415,True,1,68.8:0.9902,11.74,
40,1,2,2026-09-28 19:23:36,rejected_geometry,1003.7267517122704,False,38.95464654766486,44.99535073633313,26.30840029433856,4.616800588677125,12,"[694, 694, 416, 416, 665, 665, 851, 851, 772, 772, 730, 730]",8256,,,,,,,,,,0.0,bend radius 7.04 mm < 7.5 mm
41,1,2,2026-09-28 19:23:36,rejected_geometry,2021.069856561966,False,37.42139990291013,48.04218352410563,26.466456718362117,4.932913436724237,12,"[804, 804, 410, 410, 509, 509, 653, 653, 876, 876, 1000, 1000]",8504,,,,,,,,,,0.0,bend radius -0.08 mm < 7.5 mm
42,1,2,2026-09-28 19:23:36,ok,2.6511510112135452,True,40.56611832210188,51.94978087038675,26.00898939481152,4.017978789623032,12,"[712, 712, 394, 394, 621, 621, 833, 833, 735, 735, 668, 668]",7926,2.6511510112135452,91.7430503868725,11.350369941183212,0.4148339808456559,83.74150084250928,0.9992475016120517,True,3,66.9:0.9495;94.5:1.0049;91.7:0.9992,24.53,
43,1,2,2026-09-28 20:47:37,ok,21.265090738164965,False,35.24266174242092,47.96396628257237,34.66742157584842,5.334843151696841,16,"[534, 534, 618, 618, 81, 81, 474, 474, 490, 490, 641, 641, 662, 662, 462, 462]",7924,2.3566706140625,86.28456060164628,9.48228075499268,0.21856325605707286,53.95096299004829,0.9999674864054241,True,3,80.7:0.9884;87.3:1.0020;86.3:1.0000,53.81,
44,1,2,2026-09-28 20:47:37,rejected_geometry,1368.886627961062,False,30.282297169959413,46.70249549216371,33.86904912774026,3.738098255480521,16,"[607, 607, 500, 500, 35, 35, 530, 530, 537, 537, 729, 729, 614, 614, 548, 548]",8200,,,,,,,,,,0.0,bend radius 2.94 mm < 7.5 mm
45,1,2,2026-09-28 20:47:37,ok,130.05131846573204,False,33.30634905210857,50.0642212633492,33.81625075332587,3.6325015066517308,16,"[622, 622, 574, 574, 69, 69, 354, 354, 576, 576, 608, 608, 627, 627, 455, 455]",7770,2.2825149949803305,71.81010766826027,8.352717944911673,1.3127708112831549,45.279285087923704,0.9993388917141489,True,5,79.3:1.0495;57.5:0.9098;71.1:0.9766;73.7:1.1627;71.8:0.9993,83.96,
46,1,2,2026-09-28 20:47:37,rejected_geometry,1011.6279415796996,False,33.76625299762033,43.65831222205708,34.87093258009924,5.741865160198478,16,"[586, 586, 575, 575, 87, 87, 501, 501, 474, 474, 649, 649, 722, 722, 523, 523]",8234,,,,,,,,,,0.0,bend radius 6.69 mm < 7.5 mm
47,1,2,2026-09-28 20:47:37,ok,144.61636176593788,False,33.92221349121655,44.45957085719264,34.16427539682016,4.3285507936403205,16,"[597, 597, 485, 485, 57, 57, 375, 375, 596, 596, 539, 539, 576, 576, 497, 497]",7444,2.0238376646435112,77.09888559408101,8.480774407292266,1.5919965845900774,37.841183764768175,0.999448112965917,True,2,84.2:1.0134;77.1:0.9994,48.96,
48,1,2,2026-09-28 20:47:37,rejected_geometry,1225.0656217192875,False,33.03610501915287,36.15955426973658,34.40719480358661,4.814389607173231,16,"[505, 505, 642, 642, 35, 35, 507, 507, 588, 588, 537, 537, 739, 739, 440, 440]",7986,,,,,,,,,,0.0,straight section b-a=3.12 mm < 5 mm; bend radius 5.32 mm < 7.5 mm
49,1,2,2026-09-28 20:47:37,rejected_geometry,1009.7559675245111,False,30.759207739474988,40.13124665592104,34.25541963931233,4.510839278624654,16,"[525, 525, 640, 640, 9, 9, 361, 361, 529, 529, 619, 619, 639, 639, 595, 595]",7834,,,,,,,,,,0.0,bend radius 6.76 mm < 7.5 mm
50,1,2,2026-09-28 20:47:37,ok,2.5365742290101716,True,39.444666292298706,48.86556949620879,34.19350965481514,4.387019309630272,16,"[506, 506, 656, 656, 47, 47, 483, 483, 506, 506, 683, 683, 653, 653, 573, 573]",8214,2.5365742290101716,103.18014528875118,11.427018120034472,0.1698486317247107,91.55472982787767,0.99873171492873,True,4,81.1:0.9612;105.6:1.0021;104.2:1.0003;103.2:0.9987,63.06,
51,1,2,2026-09-28 20:47:37,rejected_geometry,1040.9371423690393,False,32.08253031059646,45.2693541929429,34.487771543380504,4.975543086761,16,"[496, 496, 696, 696, 28, 28, 576, 576, 511, 511, 573, 573, 555, 555, 596, 596]",8062,,,,,,,,,,0.0,bend radius 5.98 mm < 7.5 mm
52,1,2,2026-09-28 20:47:37,ok,2.2665417586843333,True,35.03502294127045,43.371116201907924,34.23481778408527,4.469635568170538,16,"[579, 579, 598, 598, 35, 35, 523, 523, 519, 519, 676, 676, 648, 648, 542, 542]",8240,2.2665417586843333,92.720294367014,10.824735829531411,0.4823188515878494,61.250880796488524,0.9985305292545001,True,4,82.2:0.9785;94.9:1.0023;93.7:1.0002;92.7:0.9985,61.38,
53,1,2,2026-09-28 20:47:37,ok,2.1063748143299255,True,34.241008466851106,43.235766445397054,34.010307408398226,4.0206148167964555,16,"[497, 497, 509, 509, 59, 59, 457, 457, 466, 466, 601, 601, 641, 641, 601, 601]",7662,2.1063748143299255,108.69511702438693,11.18735541161912,0.37693129920539364,82.23279196047928,0.9985702772629849,True,4,86.5:0.9579;115.2:1.0088;109.8:1.0008;108.7:0.9986,61.57,
54,1,2,2026-09-28 23:11:05,rejected_geometry,1167.7274020814589,False,23.92840979831585,43.26995638780513,41.75603547357926,3.5120709471585245,20,"[350, 350, 520, 520, 325, 325, 112, 112, 359, 359, 381, 381, 396, 396, 447, 447, 462, 462, 442, 442]",7588,,,,,,,,,,0.0,bend radius 4.43 mm < 7.5 mm
55,1,2,2026-09-28 23:11:05,ok,2.062172110149658,True,29.75221305106752,40.08964603892142,42.559442267140454,5.118884534280902,20,"[381, 381, 494, 494, 235, 235, 95, 95, 390, 390, 395, 395, 425, 425, 489, 489, 435, 435, 583, 583]",7844,2.062172110149658,127.0164109428919,11.62223045567982,0.2164484807091529,94.62894349389076,0.9978631351070101,True,2,88.2:0.9468;127.0:0.9979,53.11,
56,1,2,2026-09-28 23:11:05,rejected_geometry,1145.0958036287661,False,33.833898686019246,36.9293265317759,41.818090464196544,3.6361809283930873,20,"[371, 371, 439, 439, 283, 283, 117, 117, 361, 361, 403, 403, 460, 460, 488, 488, 479, 479, 410, 410]",7622,,,,,,,,,,0.0,straight section b-a=3.10 mm < 5 mm
57,1,2,2026-09-28 23:11:05,ok,21.295522908033142,False,29.503279952933084,41.95166054168629,41.75622860080902,3.512457201618038,20,"[461, 461, 392, 392, 224, 224, 210, 210, 362, 362, 465, 465, 494, 494, 439, 439, 459, 459, 506, 506]",8024,2.0372518190300877,112.57567314489962,11.1252035576135,1.2964935749224145,73.17395685356686,0.9976833595957116,True,5,91.2:0.9528;125.9:1.0193;114.9:1.0020;113.7:1.0008;112.6:0.9977,136.0,
58,1,2,2026-09-28 23:11:05,ok,224.6899834316259,False,30.474216032134386,46.20388344288893,41.759483053249284,3.5189661064985582,20,"[338, 338, 515, 515, 232, 232, 84, 84, 299, 299, 430, 430, 507, 507, 588, 588, 447, 447, 383, 383]",7646,2.220290623018096,84.88845609916453,7.495134601561945,0.0927760464096204,44.04209986662016,0.9901016818951454,True,1,84.9:0.9901,39.64,
59,1,2,2026-09-28 23:11:05,ok,89.77923104206936,False,29.172711533464884,39.995834015111406,41.67223979617107,3.344479592342131,20,"[493, 493, 361, 361, 208, 208, 45, 45, 463, 463, 358, 358, 410, 410, 548, 548, 517, 517, 525, 525]",7856,1.9591781765048697,114.84249145895375,10.930715194657154,1.8602342555677145,73.5644243958548,0.9965426976241663,True,2,89.9:0.9639;114.8:0.9965,59.46,
60,1,2,2026-09-28 23:11:05,worker_crash,1000.0,False,31.756424436735166,41.34741490512338,41.85190175208058,3.7038035041611628,20,"[427, 427, 437, 437, 260, 260, 47, 47, 436, 436, 401, 401, 497, 497, 481, 481, 468, 468, 488, 488]",7884,,,,,,,,,,0.0,process exit code 15
61,1,2,2026-09-28 23:11:05,solver_error,1000.0,False,31.44142844282289,40.34829346879598,41.55363368458122,3.1072673691624475,20,"[416, 416, 485, 485, 242, 242, 107, 107, 419, 419, 427, 427, 411, 411, 517, 517, 532, 532, 483, 483]",8078,,,,,,,,,,0.2,"RuntimeError: KSP did NOT converge at a=31.4 b=40.3 gap=41.6 nt=8078 (PETSc converged reason -11 -- negative means diverged/failed, not just slow; see https://petsc.org/release/manualpages/KSP/KSPConvergedReason for the code meanings). The resulting field values are numerical garbage, not physics -- do not use them. If you changed the solver away from the MUMPS default in setup_problem(), that's the first thing to revert; if you kept MUMPS, look for an unusually distorted/degenerate mesh or a much larger problem than MUMPS can handle. | RuntimeError: KSP did NOT converge at a=31.4 b=40.3 gap=41.6 nt=8078 (PETSc converged reason -11 -- negative means diverged/failed, not just slow; see https://petsc.org/release/manualpages/KSP/KSPConvergedReason for the code meanings). The resulting field values are numerical garbage, not physics -- do not use them. If you changed the solver away from the MUMPS default in setup_problem(), that's the first thing to revert; if you kept MUMPS, look for an unusually distorted/degenerate mesh or a much larger problem than MUMPS can handle."
62,1,2,2026-09-28 23:11:05,rejected_geometry,1016.142223059543,False,28.18460963532036,47.834899879399,41.86094262269798,3.7218852453959617,20,"[383, 383, 577, 577, 307, 307, 154, 154, 381, 381, 399, 399, 485, 485, 473, 473, 464, 464, 474, 474]",8194,,,,,,,,,,0.0,bend radius 6.55 mm < 7.5 mm
63,1,2,2026-09-28 23:11:05,ok,2297.517419685554,False,32.49137876930153,46.44748483646772,41.67347013448321,3.346940268966425,20,"[380, 380, 490, 490, 247, 247, 122, 122, 429, 429, 430, 430, 496, 496, 509, 509, 484, 484, 502, 502]",8178,2.248875125390607,13.840521681667125,1.2906522638541729,0.08927969524323706,2.430627907930175,0.9961398989311673,True,5,23.9:1.0957;13.0:0.9816;14.4:1.0069;14.0:1.0034;13.8:0.9961,143.21,
64,1,2,2026-09-28 23:11:05,ok,20.323713254104124,False,33.63829928998685,41.51851109563078,42.53462865637669,5.069257312753372,20,"[469, 469, 437, 437, 238, 238, 137, 137, 364, 364, 387, 387, 490, 490, 521, 521, 355, 355, 436, 436]",7668,2.0514588980374553,105.50274257790761,10.148879517780452,1.2749933713386472,72.37432272541677,0.9977270927765237,True,5,88.7:0.9622;114.6:1.0263;103.4:0.9886;106.7:1.0065;105.5:0.9977,122.64,
65,2,3,2026-09-29 00:26:40,ok,38.13347496567334,False,33.87944045774918,45.29029713184356,34.35634352775833,4.712687055516654,16,"[432, 432, 677, 677, 7, 7, 462, 462, 519, 519, 697, 697, 688, 688, 550, 550]",8064,2.2829768070424263,99.69281646430817,10.574807565797062,1.477411526644237,68.96193460992137,0.9991619431421987,True,4,79.2:0.9603;103.8:1.0051;100.7:1.0007;99.7:0.9992,75.52,
66,2,3,2026-09-29 00:26:40,ok,2.117900155236672,True,33.91922782058391,43.17437618940682,34.32771459952679,4.655429199053581,16,"[555, 555, 568, 568, 28, 28, 438, 438, 525, 525, 599, 599, 648, 648, 531, 531]",7784,2.117900155236672,99.55862189969731,10.971401811919018,0.6772816525371819,65.03178538416489,0.9951753616688992,True,3,82.7:0.9522;114.6:1.0377;99.6:0.9952,49.59,
67,2,3,2026-09-29 00:26:40,rejected_geometry,1080.0305246543282,False,30.728274991473686,43.168187510012714,33.80131797681947,3.6026359536389387,16,"[451, 451, 676, 676, 58, 58, 457, 457, 470, 470, 607, 607, 652, 652, 406, 406]",7554,,,,,,,,,,0.0,bend radius 5.38 mm < 7.5 mm
68,2,3,2026-09-29 00:26:40,rejected_geometry,1035.2223119691962,False,32.86742938071751,49.90866831235447,34.05253719552626,4.105074391052524,16,"[467, 467, 562, 562, 46, 46, 453, 453, 488, 488, 673, 673, 714, 714, 518, 518]",7842,,,,,,,,,,0.0,bend radius 6.09 mm < 7.5 mm
69,2,3,2026-09-29 00:26:40,ok,3.5152410469674007,False,39.98579253874324,45.57039196667009,33.85492625016888,3.7098525003377567,16,"[544, 544, 569, 569, 32, 32, 536, 536, 449, 449, 681, 681, 728, 728, 511, 511]",8100,2.4911339216722976,93.34683378468111,10.109695397741273,0.39102371710843176,74.00172273421803,0.9985319538968693,True,5,76.9:0.9605;100.6:1.0080;96.2:1.0040;94.3:1.0005;93.3:0.9985,68.88,
70,2,3,2026-09-29 00:26:40,rejected_geometry,1149.4299271446428,False,36.51204153464958,39.57923316892471,34.06082380385258,4.121647607705156,16,"[544, 544, 656, 656, 86, 86, 588, 588, 589, 589, 622, 622, 668, 668, 516, 516]",8538,,,,,,,,,,0.0,straight section b-a=3.07 mm < 5 mm
71,2,3,2026-09-29 00:26:40,ok,8.66253965249873,False,38.2757869164238,49.04956862191207,34.5152752423196,5.030550484639212,16,"[560, 560, 509, 509, 33, 33, 428, 428, 482, 482, 517, 517, 588, 588, 523, 523]",7280,2.18916110218783,99.87210013567119,10.270884365866538,1.087319347323071,72.56485877963829,0.9986079340621858,True,4,89.6:0.9808;102.0:1.0018;100.9:1.0001;99.9:0.9986,74.49,
72,2,3,2026-09-29 00:26:40,ok,2.9904850029622745,False,33.39904574254744,45.47754268866594,34.21028870985437,4.420577419708735,16,"[504, 504, 436, 436, 56, 56, 455, 455, 502, 502, 600, 600, 576, 576, 526, 526]",7310,2.0371779223857094,102.39484629976637,10.116391405268011,0.49724367412991843,86.34297313963299,0.9999525429507696,True,3,83.4:0.9682;103.4:1.0015;102.4:1.0000,56.47,
73,2,3,2026-09-29 00:26:40,rejected_geometry,1047.6588311878681,False,35.525182298905435,50.536684071267324,34.46118996699512,4.9223799339902365,16,"[583, 583, 702, 702, 38, 38, 451, 451, 571, 571, 625, 625, 791, 791, 678, 678]",8878,,,,,,,,,,0.0,bend radius 5.86 mm < 7.5 mm
74,2,3,2026-09-29 00:26:40,ok,129.38683370290278,False,37.382430543297595,50.186690054929755,33.91308760854512,3.8261752170902357,16,"[518, 518, 653, 653, 93, 93, 524, 524, 557, 557, 662, 662, 650, 650, 582, 582]",8478,2.5756468004715645,71.16327523115955,8.182344156189135,0.19000137336916478,49.9713903443914,0.9942004254042853,True,2,76.0:1.0099;71.2:0.9942,53.21,
75,2,3,2026-09-29 00:26:40,rejected_geometry,1000.5178269552902,False,37.12351363990945,42.009734582599876,33.94562236643144,3.8912447328628694,16,"[561, 561, 612, 612, 83, 83, 380, 380, 496, 496, 543, 543, 638, 638, 497, 497]",7620,,,,,,,,,,0.0,straight section b-a=4.89 mm < 5 mm
76,2,3,2026-09-29 03:37:50,rejected_geometry,1084.1106212377922,False,33.35052506885234,36.90043350934832,42.70582257661094,5.411645153221886,20,"[364, 364, 461, 461, 189, 189, 37, 37, 397, 397, 435, 435, 465, 465, 597, 597, 475, 475, 543, 543]",7926,,,,,,,,,,0.0,straight section b-a=3.55 mm < 5 mm
77,2,3,2026-09-29 03:37:50,ok,60.835291573541824,False,32.844396150345744,40.106491961137415,42.21893443498069,4.437868869961378,20,"[497, 497, 482, 482, 214, 214, 184, 184, 344, 344, 337, 337, 449, 449, 459, 459, 508, 508, 453, 453]",7854,2.0037440882017346,111.21705898004907,11.534874777322631,1.6677809676481463,84.9968358386299,0.9988825431668802,True,4,94.6:0.9707;115.3:1.0045;112.3:1.0009;111.2:0.9989,111.82,
78,2,3,2026-09-29 03:37:50,ok,1085.990144847835,False,31.37135653354172,38.2582547054645,42.24951521458292,4.499030429165843,20,"[462, 462, 477, 477, 192, 192, 87, 87, 394, 394, 435, 435, 432, 432, 521, 521, 398, 398, 491, 491]",7778,1.9070357923067216,42.5890433124386,4.108328792113797,0.7511873758113168,11.33970726609433,1.0066031058792555,True,5,89.9:1.0877;51.3:1.0237;43.9:1.0027;43.1:1.0018;42.6:1.0066,128.09,
79,2,3,2026-09-29 03:37:50,ok,2.304634565337171,False,29.28097227625689,38.094079186145095,41.99929716900256,3.998594338005118,20,"[440, 440, 430, 430, 212, 212, 170, 170, 402, 402, 478, 478, 488, 488, 499, 499, 424, 424, 537, 537]",8160,1.9742274935802608,106.45731997617749,10.412964249390742,0.8650323805383784,61.887051399277766,0.9950949170335495,True,3,86.0:0.9570;115.3:1.0165;106.5:0.9951,77.88,
80,2,3,2026-09-29 03:37:50,ok,2.1372600078369683,True,32.05240776226067,42.001420737673676,43.16571417843488,6.331428356869756,20,"[450, 450, 413, 413, 278, 278, 104, 104, 391, 391, 395, 395, 411, 411, 553, 553, 439, 439, 538, 538]",7944,2.1372600078369683,129.12682461694214,11.998256547519452,0.7611159268108287,103.16807361418344,0.9986046798658422,True,3,84.8:0.9374;130.4:1.0000;129.1:0.9986,99.69,
81,2,3,2026-09-29 03:37:50,ok,415.9752475972365,False,31.645988052174104,43.41884727130849,42.036938569680714,4.073877139361429,20,"[384, 384, 442, 442, 239, 239, 51, 51, 339, 339, 414, 414, 528, 528, 513, 513, 423, 423, 520, 520]",7706,2.062062294308032,74.08310306558272,6.4741210234863384,0.259302939384766,45.73616579441436,0.9837355760662246,True,6,94.7:1.0073;90.2:1.0482;65.9:0.9723;74.1:0.9747;79.4:1.0056;74.1:0.9837,163.5,
82,2,3,2026-09-29 03:37:50,ok,2.265702109025645,True,31.502692778004278,46.04742915464913,42.29249232897871,4.584984657957425,20,"[432, 432, 508, 508, 225, 225, 165, 165, 374, 374, 381, 381, 520, 520, 501, 501, 407, 407, 540, 540]",8106,2.265702109025645,119.38837100198643,11.705880189669694,0.3837410796949917,91.16180639420283,0.9954906613778622,True,2,90.5:0.9593;119.4:0.9955,72.03,
83,2,3,2026-09-29 03:37:50,ok,2.0133039243672575,True,30.14246935822574,41.81200388521056,42.45213664713547,4.9042732942709275,20,"[464, 464, 501, 501, 209, 209, 94, 94, 390, 390, 403, 403, 445, 445, 502, 502, 467, 467, 512, 512]",7974,2.0133039243672575,124.77763782492826,12.430188991175877,0.5438386683214477,86.77353651929978,0.9950736931426394,True,2,95.1:0.9600;124.8:0.9951,69.47,
84,2,3,2026-09-29 03:37:50,ok,2.0126750755542635,True,31.939258220088835,37.09400088086403,42.08021180389015,4.160423607780295,20,"[391, 391, 461, 461, 246, 246, 200, 200, 386, 386, 403, 403, 494, 494, 499, 499, 486, 486, 539, 539]",8210,2.0126750755542635,113.0609877718833,10.905351559119241,0.10463804538031632,79.05886421831367,0.9931942437620617,True,2,90.9:0.9678;113.1:0.9932,60.44,
85,2,3,2026-09-29 03:37:50,ok,4.601714472629533,False,31.36455929516551,45.285211285627895,42.948212709768256,5.896425419536514,20,"[390, 390, 450, 450, 260, 260, 127, 127, 343, 343, 371, 371, 410, 410, 488, 488, 403, 403, 503, 503]",7490,2.066741933162425,112.90192018356449,10.000592119502473,0.32228459816528515,74.96007046911726,0.9998440561590101,True,3,92.6:0.9597;121.9:1.0160;112.9:0.9998,91.35,
86,2,3,2026-09-29 03:37:50,ok,2.1762636521685517,False,29.69020892339431,41.40105778570515,41.8768132475156,3.7536264950311926,20,"[457, 457, 499, 499, 235, 235, 88, 88, 412, 412, 345, 345, 448, 448, 493, 493, 469, 469, 551, 551]",7994,2.0662252462479893,102.40734348580828,10.237619515647621,0.7138164220219673,59.363698160065006,0.9994139726807693,True,3,89.4:0.9784;103.5:1.0017;102.4:0.9994,73.87,
87,2,1,2026-09-29 10:02:54,ok,2.066929147656318,True,30.091082532287835,45.842646893506874,49.825065572685375,3.650131145370744,24,"[337, 337, 373, 373, 222, 222, 180, 180, 169, 169, 277, 277, 350, 350, 368, 368, 330, 330, 427, 427, 359, 359, 383, 383]",7550,2.066929147656318,128.46909603990176,10.300979157511902,0.6434498925146037,88.63304668327318,0.9988239617177572,True,3,101.8:0.9642;129.8:1.0007;128.5:0.9988,164.88,
88,2,1,2026-09-29 10:02:54,ok,76.98540176031442,False,30.429508603504313,45.81351179867234,49.96510484487318,3.930209689746361,24,"[292, 292, 330, 330, 291, 291, 157, 157, 278, 278, 249, 249, 347, 347, 387, 387, 448, 448, 297, 297, 353, 353, 400, 400]",7658,2.137528775700742,111.33436296692727,8.673079509734453,0.08704036883786195,68.54402063423763,0.9997968017648977,True,2,100.1:0.9841;111.3:0.9998,110.97,
89,2,1,2026-09-29 10:02:54,ok,51.74610557055732,False,27.68491844676494,46.752464908899185,49.956592743250866,3.9131854865017273,24,"[269, 269, 342, 342, 199, 199, 191, 191, 223, 223, 317, 317, 311, 311, 412, 412, 406, 406, 371, 371, 311, 311, 411, 411]",7526,2.0245940926326753,120.5007503425261,8.973984018108753,0.025918613549464606,75.98467093377386,0.9990220753125814,True,3,102.9:0.9692;126.8:1.0101;120.5:0.9990,173.77,
90,2,1,2026-09-29 10:02:54,ok,913.5728278289988,False,29.49307968524843,37.99701806319113,49.66279768179794,3.3255953635958764,24,"[315, 315, 333, 333, 268, 268, 244, 244, 235, 235, 314, 314, 299, 299, 422, 422, 391, 391, 368, 368, 354, 354, 441, 441]",7968,1.9295188994528156,55.73049344099625,4.622082581194183,0.40098781061177013,17.657100109054085,0.8845586272646417,True,6,97.9:1.0881;55.7:0.8847;77.8:1.0448;71.2:1.0129;69.6:1.0080;55.7:0.8846,255.94,
91,2,1,2026-09-29 10:02:54,ok,6.675750056722003,False,26.26616044192218,42.179315131197725,49.68251507091799,3.3650301418359647,24,"[315, 315, 321, 321, 264, 264, 209, 209, 255, 255, 268, 268, 311, 311, 333, 333, 354, 354, 416, 416, 316, 316, 416, 416]",7556,1.8883094960767564,122.38242142715649,9.888539362320504,0.36306386574352617,73.74399683959798,0.9933607602533823,True,3,81.6:0.9140;148.6:1.0440;122.4:0.9934,169.63,
92,2,1,2026-09-29 10:02:54,ok,1.9459983211342393,False,26.947271091560076,39.91385279304048,49.54881755478653,3.0976351095730603,24,"[223, 223, 350, 350, 335, 335, 198, 198, 216, 216, 272, 272, 336, 336, 358, 358, 426, 426, 318, 318, 318, 318, 383, 383]",7466,1.8278103708509126,131.28760282204465,10.235350793648703,0.6559275924160249,82.94733326174772,0.9962312276426835,True,2,104.5:0.9663;131.3:0.9962,106.05,
93,2,1,2026-09-29 10:02:54,ok,20.547020293494377,False,29.008758813881187,44.31436017278933,49.9941847748956,3.988369549791204,24,"[388, 388, 269, 269, 224, 224, 101, 101, 212, 212, 292, 292, 371, 371, 319, 319, 390, 390, 382, 382, 333, 333, 422, 422]",7406,1.9553906298672312,124.71193948305906,9.705873061484128,1.131974200725099,79.27904531851746,0.9993365705180236,True,3,106.2:0.9747;126.0:1.0009;124.7:0.9993,153.03,
94,2,1,2026-09-29 10:02:54,ok,1394.064471053836,False,27.76698453514254,46.38011324067015,50.02791572199403,4.05583144398805,24,"[259, 259, 364, 364, 275, 275, 178, 178, 205, 205, 293, 293, 344, 344, 342, 342, 463, 463, 356, 356, 389, 389, 402, 402]",7740,2.147030267754279,42.461989380524415,3.284100882210572,0.3191593001461717,13.173300825808445,0.7284622450928819,True,6,84.8:1.1093;42.5:0.7211;71.8:1.1261;62.4:1.0350;60.2:1.0128;42.5:0.7285,270.48,
95,2,1,2026-09-29 10:02:54,ok,81.20896055928894,False,28.766949628067447,36.66934197627929,49.95183798926013,3.9036759785202464,24,"[211, 211, 314, 314, 208, 208, 129, 129, 166, 166, 326, 326, 352, 352, 405, 405, 374, 374, 295, 295, 347, 347, 318, 318]",6890,1.614886866568531,130.29185061113185,8.622289727231317,0.5942674889820204,80.88824893881757,0.9987090791224936,True,3,109.0:0.9653;137.9:1.0113;130.3:0.9987,149.8,
96,2,1,2026-09-29 10:02:54,ok,891.8196063259878,False,25.763211679582493,44.93890515283754,50.01991274844194,4.0398254968838785,24,"[301, 301, 309, 309, 296, 296, 169, 169, 189, 189, 279, 279, 277, 277, 390, 390, 402, 402, 424, 424, 359, 359, 451, 451]",7692,2.031286142806537,61.54616168559408,4.690554308780183,0.2530805425512861,29.281096546225655,0.9914085658306345,True,5,92.4:1.1375;39.1:0.7963;67.7:1.0432;62.2:1.0048;61.5:0.9914,215.32,
97,2,1,2026-09-29 10:02:54,ok,2.137183821217659,False,26.03770061325441,40.04453702450856,50.411685896569836,4.823371793139672,24,"[317, 317, 363, 363, 318, 318, 195, 195, 223, 223, 340, 340, 291, 291, 393, 393, 453, 453, 397, 397, 362, 362, 388, 388]",8080,1.967722831936608,121.23252941925965,10.222587433507588,0.08825292009463194,71.09986595791781,0.9993342754042359,True,5,94.9:0.9575;126.8:1.0041;123.7:1.0005;122.5:1.0001;121.2:0.9993,191.55,
98,2,1,2026-09-29 10:02:54,ok,59.45113017093392,False,32.22324426866254,45.20360972539371,49.87564030529809,3.7512806105961802,24,"[262, 262, 377, 377, 334, 334, 179, 179, 190, 190, 212, 212, 245, 245, 425, 425, 374, 374, 393, 393, 279, 279, 380, 380]",7300,2.026014054002297,114.31561286661882,8.87495841360737,0.1283205259879514,72.57375382923911,0.9967380786896636,True,2,102.8:0.9842;114.3:0.9967,112.69,
99,2,4,2026-09-29 12:03:28,ok,55.418161066780186,False,33.907808055881695,50.42587419292252,34.229516283767836,4.459032567535673,16,"[501, 501, 523, 523, 59, 59, 523, 523, 499, 499, 700, 700, 637, 637, 466, 466]",7816,2.4512239227887678,87.1432197777079,8.931392147520452,0.08899282589559918,55.7099379224182,0.9992145407824508,True,4,76.8:0.9743;91.3:1.0070;88.0:1.0008;87.1:0.9992,66.19,
100,2,4,2026-09-29 12:03:28,ok,787.2399088996983,False,34.36087690252158,46.14644929501796,34.05140237494328,4.102804749886557,16,"[420, 420, 521, 521, 64, 64, 500, 500, 527, 527, 667, 667, 697, 697, 640, 640]",8072,2.35562420638317,51.128434167016,5.031591835506232,0.4861857992794495,18.731125642533794,0.8467439933293732,True,6,51.1:0.8284;179.4:1.1975;97.1:1.0074;94.8:1.0474;83.9:1.0245;51.1:0.8467,84.06,
101,2,4,2026-09-29 12:03:28,rejected_geometry,1007.27638934842,False,33.185236840034825,46.54803633977471,34.27510494101807,4.550209882036138,16,"[590, 590, 541, 541, 32, 32, 465, 465, 411, 411, 702, 702, 660, 660, 473, 473]",7748,,,,,,,,,,0.0,bend radius 6.86 mm < 7.5 mm
102,2,4,2026-09-29 12:03:28,ok,1967.0171864075708,False,33.510369150484166,44.522931652921244,34.64365571606414,5.287311432128281,16,"[589, 589, 472, 472, 83, 83, 416, 416, 539, 539, 580, 580, 606, 606, 413, 413]",7396,2.036949477827099,19.269698996575755,1.986724521274479,1.169745577072868,2.3699342585111403,0.9835295001243869,True,5,52.6:1.2377;13.1:0.9684;15.8:0.9787;17.6:0.9810;19.3:0.9835,79.52,
103,2,4,2026-09-29 12:03:28,ok,10.65706303432646,False,33.688952681430195,44.39354645696002,34.25746492363615,4.5149298472722945,16,"[465, 465, 459, 459, 10, 10, 443, 443, 523, 523, 578, 578, 610, 610, 535, 535]",7246,1.9952421352310872,102.28857422068694,9.74654642495658,0.04667456693922898,222.70151797145826,0.9983142181807846,True,4,77.8:0.9544;106.2:1.0045;103.3:1.0000;102.3:0.9983,84.65,
104,2,4,2026-09-29 12:03:28,ok,171.5460401748261,False,33.67970323496649,44.38223877571394,34.21759632195003,4.435192643900063,16,"[514, 514, 545, 545, 150, 150, 416, 416, 488, 488, 538, 538, 529, 529, 487, 487]",7334,1.9588600173118231,72.61502629710714,7.851088408910965,0.5186905716431698,34.37536040793896,0.935550422195618,True,6,72.6:0.9355;113.2:1.0273;99.6:1.0080;96.3:1.0023;95.4:1.0005;72.6:0.9356,113.61,
105,2,4,2026-09-29 12:03:28,rejected_geometry,1000.0107531581313,False,33.76290599372038,43.04366434353079,33.94599291910343,3.8919858382068657,16,"[585, 585, 497, 497, 33, 33, 480, 480, 448, 448, 548, 548, 701, 701, 544, 544]",7672,,,,,,,,,,0.0,bend radius 7.48 mm < 7.5 mm
106,2,4,2026-09-29 12:03:28,ok,8.68018207414661,False,35.00478915597991,45.54743485318079,34.21473428355101,4.429468567102024,16,"[558, 558, 559, 559, 21, 21, 478, 478, 521, 521, 568, 568, 593, 593, 467, 467]",7530,2.0755260936771234,88.9499876481965,9.816716800427187,0.7234804685135602,59.13838346344163,0.9912524413169953,True,1,88.9:0.9913,28.13,
107,2,4,2026-09-29 12:03:28,ok,1.9889492890893359,True,34.31932279232978,40.29116341635141,34.52194480871585,5.043889617431699,16,"[485, 485, 514, 514, 109, 109, 373, 373, 524, 524, 623, 623, 601, 601, 553, 553]",7564,1.9889492890893359,111.35743507912285,11.376016002077817,0.23914754910715005,84.28685235609517,0.9997116519561012,True,3,81.9:0.9534;112.6:1.0017;111.4:0.9997,48.09,
108,2,4,2026-09-29 12:03:28,ok,2.464960343511678,False,35.03284223887096,47.33441080601115,34.64941188402716,5.298823768054323,16,"[525, 525, 584, 584, 52, 52, 448, 448, 491, 491, 653, 653, 693, 693, 578, 578]",8048,2.396881865060728,96.4342893890388,10.250933902475467,0.1888233069828663,67.23043602648177,0.9996895572460884,True,4,76.6:0.9615;99.6:1.0036;97.4:1.0004;96.4:0.9997,54.25,
109,2,4,2026-09-29 12:03:28,rejected_geometry,1122.594944355808,False,35.91468082656988,39.16400278395462,33.788113530435716,3.5762270608714344,16,"[527, 527, 612, 612, 49, 49, 445, 445, 504, 504, 641, 641, 712, 712, 592, 592]",8164,,,,,,,,,,0.0,straight section b-a=3.25 mm < 5 mm
110,2,4,2026-09-29 15:07:46,ok,3.420828498994667,False,31.85637784347198,44.581812497210606,41.838907487628866,3.6778149752577374,20,"[467, 467, 457, 457, 252, 252, 184, 184, 438, 438, 344, 344, 477, 477, 528, 528, 474, 474, 510, 510]",8262,2.241841185070636,101.66152054464995,10.331931471794416,0.9228455844474176,66.95422151615846,0.9973356705854087,True,2,91.5:0.9843;101.7:0.9973,72.72,
111,2,4,2026-09-29 15:07:46,ok,87.6519920863785,False,31.498808313369334,41.27720582251217,42.66630399775924,5.33260799551849,20,"[385, 385, 425, 425, 297, 297, 195, 195, 383, 383, 418, 418, 491, 491, 560, 560, 414, 414, 483, 483]",8102,2.171415761108526,92.19843872796633,8.561357393218502,0.0835604181709586,54.30105139189368,0.998624562465644,True,4,86.4:0.9818;97.6:1.0114;93.1:1.0009;92.2:0.9986,100.54,
112,2,4,2026-09-29 15:07:46,ok,1744.3047826586007,False,32.64418097521342,38.90660237930155,43.24874717224456,6.497494344489124,20,"[373, 373, 409, 409, 246, 246, 153, 153, 370, 370, 388, 388, 507, 507, 489, 489, 434, 434, 521, 521]",7780,1.9758084813739876,27.772087879758576,2.4505057302935755,0.49210278262258106,16.475200967516905,0.9119183825270414,True,5,58.4:1.0353;46.3:1.0217;40.2:1.0146;36.5:1.0417;27.8:0.9119,128.1,
113,2,4,2026-09-29 15:07:46,ok,51.383148626688396,False,30.532704069990576,40.37682137287238,42.52085518248735,5.041710364974708,20,"[495, 495, 480, 480, 153, 153, 68, 68, 337, 337, 368, 368, 457, 457, 524, 524, 499, 499, 561, 561]",7884,2.0170177756118948,96.46906826110677,9.309319928277457,1.3259705592569593,52.59597543927898,0.9935871095316778,True,4,92.8:0.9891;99.8:1.0055;97.4:1.0011;96.5:0.9936,122.08,
114,2,4,2026-09-29 15:07:46,rejected_geometry,1024.8764902070131,False,33.13068961114553,37.34207547535076,42.57185875077811,5.143717501556219,20,"[450, 450, 487, 487, 326, 326, 123, 123, 353, 353, 413, 413, 456, 456, 476, 476, 433, 433, 583, 583]",8200,,,,,,,,,,0.0,straight section b-a=4.21 mm < 5 mm
115,2,4,2026-09-29 15:07:46,ok,17.31498490323139,False,28.76195801447718,41.03422713953813,42.648733114690174,5.2974662293803485,20,"[425, 425, 416, 416, 199, 199, 173, 173, 379, 379, 434, 434, 507, 507, 467, 467, 496, 496, 532, 532]",8056,2.032040261963058,103.44884851351631,9.564842965303296,0.5698339137051358,58.10287731713322,0.9993028684268641,True,3,89.1:0.9764;104.5:1.0005;103.4:0.9993,86.99,
116,2,4,2026-09-29 15:07:46,ok,237.70015348954618,False,29.402478813133687,41.77925541753035,42.34357733792436,4.687154675848709,20,"[467, 467, 463, 463, 213, 213, 135, 135, 401, 401, 430, 430, 456, 456, 449, 449, 469, 469, 541, 541]",8048,2.0798767234459685,75.10016629005227,7.414226186677906,0.8409279224900238,33.08301665225833,0.9939005018583287,True,2,86.6:1.0215;75.1:0.9939,82.54,
117,2,4,2026-09-29 15:07:46,ok,91.89445130837944,False,31.381775019996283,40.75477229444757,42.75666724001972,5.513334480039448,20,"[425, 425, 553, 553, 264, 264, 181, 181, 406, 406, 402, 402, 443, 443, 473, 473, 524, 524, 573, 573]",8488,2.224477266573812,83.70362233654521,8.519261618869375,0.6508260184162957,45.42079234781656,0.9982754280456124,True,1,83.7:0.9983,35.89,
118,2,4,2026-09-29 15:07:46,ok,13.719422677226586,False,31.571451356743136,37.7344316133685,42.74990993257702,5.499819865154035,20,"[490, 490, 413, 413, 177, 177, 107, 107, 467, 467, 480, 480, 491, 491, 509, 509, 527, 527, 574, 574]",8470,2.0876577599967803,118.08020996349151,11.52767793916331,1.1858582523939867,83.36020433388285,0.9986175209242228,True,4,86.5:0.9514;120.5:1.0013;119.3:1.0002;118.1:0.9986,84.71,
119,2,4,2026-09-29 15:07:46,ok,33.54633612805154,False,32.44211795636755,41.16672305371474,42.2134181719341,4.426836343868201,20,"[483, 483, 507, 507, 225, 225, 134, 134, 320, 320, 442, 442, 495, 495, 438, 438, 411, 411, 527, 527]",7964,2.0701620488333563,90.57531632805537,9.263041251134137,0.9169993222233743,84.84586921217513,0.9716880621006342,True,4,80.4:0.9482;114.6:1.0976;91.5:1.0024;90.6:0.9717,97.2,
120,2,4,2026-09-29 15:07:46,rejected_geometry,1041.7626545090893,False,31.645846309465536,35.62405065341329,41.77750478568587,3.5550095713717393,20,"[443, 443, 467, 467, 281, 281, 151, 151, 399, 399, 441, 441, 548, 548, 554, 554, 438, 438, 545, 545]",8534,,,,,,,,,,0.0,straight section b-a=3.98 mm < 5 mm
